protocol,split,variant,target,n,mape,mae,r2,spearman
new_batch_saved_models,42,architecture,tpot_ms,73,23.059670627117157,16.246353149414062,0.7756125330924988,0.9705047513266694
new_batch_saved_models,42,architecture_temp,tpot_ms,73,8.752571046352386,7.005129814147949,0.8784371614456177,0.9293163026039738
new_batch_saved_models,42,architecture,ttft_ms,73,18.820820748806,229.00546264648438,0.7018771171569824,0.9726256681893996
new_batch_saved_models,42,architecture_temp,ttft_ms,73,8.571838587522507,104.78400421142578,0.893600344657898,0.9476655842684738
new_batch_saved_models,42,architecture,dynamic_energy_per_token_mj,73,27.412551641464233,8.29386043548584,0.7722620964050293,0.973929408860916
new_batch_saved_models,42,architecture_temp,dynamic_energy_per_token_mj,73,18.76031905412674,5.456645488739014,0.8493503332138062,0.9545538689374308
new_batch_saved_models,123,architecture,tpot_ms,73,23.137755692005157,16.342191696166992,0.7705586552619934,0.9690546711094657
new_batch_saved_models,123,architecture_temp,tpot_ms,73,9.019730240106583,7.242072105407715,0.8712996244430542,0.9260459089226215
new_batch_saved_models,123,architecture,ttft_ms,73,18.667323887348175,227.14556884765625,0.7046380043029785,0.9739369210529835
new_batch_saved_models,123,architecture_temp,ttft_ms,73,8.395808190107346,101.40065002441406,0.8918699622154236,0.9509977091924043
new_batch_saved_models,123,architecture,dynamic_energy_per_token_mj,73,28.560182452201843,8.958492279052734,0.7236568927764893,0.9722633592496608
new_batch_saved_models,123,architecture_temp,dynamic_energy_per_token_mj,73,18.72406005859375,5.409363269805908,0.8496966361999512,0.9496174256448231
new_batch_saved_models,2026,architecture,tpot_ms,73,23.242762684822083,16.661117553710938,0.7561197280883789,0.9678205602863138
new_batch_saved_models,2026,architecture_temp,tpot_ms,73,8.660771697759628,6.903763294219971,0.8800196647644043,0.9253054424287301
new_batch_saved_models,2026,architecture,ttft_ms,73,18.78756880760193,225.4607696533203,0.7131294012069702,0.973181022343388
new_batch_saved_models,2026,architecture_temp,ttft_ms,73,8.337225764989853,99.78893280029297,0.8953851461410522,0.9514605043207283
new_batch_saved_models,2026,architecture,dynamic_energy_per_token_mj,73,27.61436104774475,8.400806427001953,0.7649204134941101,0.9755029001604345
new_batch_saved_models,2026,architecture_temp,dynamic_energy_per_token_mj,73,19.01332139968872,5.486805438995361,0.8496143221855164,0.9522090583734422
random,20260909,architecture,tpot_ms,188,23.364253342151642,12.945700645446777,0.78313809633255,0.8175564447195505
random,20260909,architecture,ttft_ms,188,19.86410617828369,202.07980346679688,0.7355303764343262,0.8637624361551436
random,20260909,architecture,dynamic_energy_per_token_mj,188,28.139707446098328,6.242725849151611,0.7609075307846069,0.8586075306976432
random,20260909,architecture_temp,tpot_ms,188,10.038518160581589,5.594649791717529,0.9357509613037109,0.9356047574060595
random,20260909,architecture_temp,ttft_ms,188,8.544866740703583,86.49618530273438,0.9119796752929688,0.9533328968949423
random,20260909,architecture_temp,dynamic_energy_per_token_mj,188,19.283276796340942,3.892500162124634,0.8690823912620544,0.9130009192587414
random,20260909,architecture_voltage_diagnostic,tpot_ms,188,22.408895194530487,12.451498985290527,0.7905948758125305,0.8268971502029149
random,20260909,architecture_voltage_diagnostic,ttft_ms,188,18.5666024684906,189.514892578125,0.7583004236221313,0.8773157126141332
random,20260909,architecture_voltage_diagnostic,dynamic_energy_per_token_mj,188,27.54455804824829,6.129820346832275,0.768146276473999,0.8649339813294756
random,20260909,architecture_order_diagnostic,tpot_ms,188,6.900546699762344,3.6282925605773926,0.9740592241287231,0.9682764574344435
random,20260909,architecture_order_diagnostic,ttft_ms,188,6.17743544280529,58.725929260253906,0.9693543314933777,0.9809559715088735
random,20260909,architecture_order_diagnostic,dynamic_energy_per_token_mj,188,19.55898106098175,4.039010047912598,0.8570685386657715,0.9233421285986992
random,20260909,architecture_temp_voltage_diagnostic,tpot_ms,188,8.980224281549454,4.859724044799805,0.9512432813644409,0.9575270608689013
random,20260909,architecture_temp_voltage_diagnostic,ttft_ms,188,7.59454071521759,76.17425537109375,0.9375756978988647,0.9681079458270488
random,20260909,architecture_temp_voltage_diagnostic,dynamic_energy_per_token_mj,188,19.15072202682495,3.851408004760742,0.8732495307922363,0.9234595192041999
random,20260910,architecture,tpot_ms,188,23.658187687397003,12.756053924560547,0.8307151198387146,0.8398708878763266
random,20260910,architecture,ttft_ms,188,19.932252168655396,182.51707458496094,0.7860901355743408,0.880527503275651
random,20260910,architecture,dynamic_energy_per_token_mj,188,26.38683021068573,5.273825645446777,0.8604340553283691,0.8967824575012867
random,20260910,architecture_temp,tpot_ms,188,9.712722152471542,5.485116481781006,0.9528129696846008,0.9522845885001949
random,20260910,architecture_temp,ttft_ms,188,8.674018830060959,84.86100769042969,0.9037356376647949,0.959383893281455
random,20260910,architecture_temp,dynamic_energy_per_token_mj,188,19.00753527879715,4.049459457397461,0.8766894936561584,0.9392543977476397
random,20260910,architecture_voltage_diagnostic,tpot_ms,188,22.790543735027313,12.344768524169922,0.8367407917976379,0.8447453268260056
random,20260910,architecture_voltage_diagnostic,ttft_ms,188,19.126181304454803,175.09140014648438,0.7940253019332886,0.8798231542363668
random,20260910,architecture_voltage_diagnostic,dynamic_energy_per_token_mj,188,25.46738088130951,5.187572479248047,0.8651299476623535,0.9018501219283508
random,20260910,architecture_order_diagnostic,tpot_ms,188,6.200180202722549,3.2806806564331055,0.984503448009491,0.9734222074209223
random,20260910,architecture_order_diagnostic,ttft_ms,188,5.8512963354587555,54.05692672729492,0.9694414138793945,0.9775895099237725
random,20260910,architecture_order_diagnostic,dynamic_energy_per_token_mj,188,17.120450735092163,3.5250537395477295,0.9044357538223267,0.9513172128941839
random,20260910,architecture_temp_voltage_diagnostic,tpot_ms,188,8.737965673208237,4.726785182952881,0.9696478247642517,0.9622420613231127
random,20260910,architecture_temp_voltage_diagnostic,ttft_ms,188,7.978084683418274,75.28050994873047,0.9366338849067688,0.966429189697474
random,20260910,architecture_temp_voltage_diagnostic,dynamic_energy_per_token_mj,188,17.86244362592697,3.737431526184082,0.902286171913147,0.9507754100995652
random,20260911,architecture,tpot_ms,188,22.294846177101135,12.441130638122559,0.8409290313720703,0.8685906755458905
random,20260911,architecture,ttft_ms,188,19.246937334537506,177.6508331298828,0.8118702173233032,0.8951469514097381
random,20260911,architecture,dynamic_energy_per_token_mj,188,28.896108269691467,5.897072792053223,0.7962580323219299,0.8923401726906106
random,20260911,architecture_temp,tpot_ms,188,8.38778242468834,4.952235698699951,0.9531255960464478,0.9667963988107242
random,20260911,architecture_temp,ttft_ms,188,8.17640870809555,80.22350311279297,0.9190710186958313,0.9668577135790096
random,20260911,architecture_temp,dynamic_energy_per_token_mj,188,22.711282968521118,4.5953688621521,0.8210548162460327,0.9265622432080504
random,20260911,architecture_voltage_diagnostic,tpot_ms,188,21.259048581123352,11.863870620727539,0.8546662330627441,0.8710504691182963
random,20260911,architecture_voltage_diagnostic,ttft_ms,188,18.564514815807343,172.232177734375,0.8173271417617798,0.8965592596216524
random,20260911,architecture_voltage_diagnostic,dynamic_energy_per_token_mj,188,28.447484970092773,5.764347076416016,0.804790735244751,0.8923239186067721
random,20260911,architecture_order_diagnostic,tpot_ms,188,5.726791545748711,2.977433443069458,0.9871021509170532,0.9879872856549401
random,20260911,architecture_order_diagnostic,ttft_ms,188,5.36591149866581,47.295955657958984,0.9793531894683838,0.9865812659860619
random,20260911,architecture_order_diagnostic,dynamic_energy_per_token_mj,188,22.411370277404785,4.1825432777404785,0.859870195388794,0.9312163292138259
random,20260911,architecture_temp_voltage_diagnostic,tpot_ms,188,7.685475796461105,4.475081443786621,0.9671434164047241,0.9756919298245893
random,20260911,architecture_temp_voltage_diagnostic,ttft_ms,188,7.432845234870911,71.84473419189453,0.9443197250366211,0.9759140045363546
random,20260911,architecture_temp_voltage_diagnostic,dynamic_energy_per_token_mj,188,21.82132601737976,4.32066011428833,0.8395543098449707,0.9319766591356077
random,20260912,architecture,tpot_ms,188,22.607271373271942,13.049545288085938,0.8107832670211792,0.8313759131721818
random,20260912,architecture,ttft_ms,188,19.223465025424957,180.00831604003906,0.7636867761611938,0.8776423164430723
random,20260912,architecture,dynamic_energy_per_token_mj,188,37.543272972106934,6.020260334014893,0.8043670654296875,0.8532563250961247
random,20260912,architecture_temp,tpot_ms,188,8.338023722171783,4.899410247802734,0.9416086673736572,0.9494216234338309
random,20260912,architecture_temp,ttft_ms,188,7.971012592315674,72.87255096435547,0.9413074851036072,0.9618578140604394
random,20260912,architecture_temp,dynamic_energy_per_token_mj,188,27.307400107383728,4.129138469696045,0.8849255442619324,0.9090584009232319
random,20260912,architecture_voltage_diagnostic,tpot_ms,188,21.570543944835663,12.41676139831543,0.8141766786575317,0.8422255533235967
random,20260912,architecture_voltage_diagnostic,ttft_ms,188,18.38483214378357,171.99717712402344,0.7758508324623108,0.8830350846073738
random,20260912,architecture_voltage_diagnostic,dynamic_energy_per_token_mj,188,36.94619536399841,5.998762607574463,0.798356831073761,0.8591258553711618
random,20260912,architecture_order_diagnostic,tpot_ms,188,6.72290176153183,4.092320442199707,0.9514918923377991,0.9778329616014518
random,20260912,architecture_order_diagnostic,ttft_ms,188,5.983790010213852,57.54099655151367,0.9607957601547241,0.9806512318493611
random,20260912,architecture_order_diagnostic,dynamic_energy_per_token_mj,188,27.582761645317078,4.346649169921875,0.865220844745636,0.9118739694459344
random,20260912,architecture_temp_voltage_diagnostic,tpot_ms,188,7.5896792113780975,4.5973029136657715,0.9485024213790894,0.9593610316025053
random,20260912,architecture_temp_voltage_diagnostic,ttft_ms,188,7.158731669187546,64.01712036132812,0.9552405476570129,0.9668640944862408
random,20260912,architecture_temp_voltage_diagnostic,dynamic_energy_per_token_mj,188,25.960901379585266,4.0223798751831055,0.8898351788520813,0.9190221543162719
random,20260913,architecture,tpot_ms,188,22.71350771188736,12.637972831726074,0.8122929334640503,0.829410593456164
random,20260913,architecture,ttft_ms,188,19.965441524982452,186.18031311035156,0.7452863454818726,0.8595781493190742
random,20260913,architecture,dynamic_energy_per_token_mj,188,26.98972225189209,5.688863754272461,0.8208128213882446,0.8713200302687161
random,20260913,architecture_temp,tpot_ms,188,8.752542734146118,5.394413948059082,0.9173085689544678,0.9516696834690148
random,20260913,architecture_temp,ttft_ms,188,8.357202261686325,85.93457794189453,0.8897101879119873,0.9601880430734039
random,20260913,architecture_temp,dynamic_energy_per_token_mj,188,21.481245756149292,4.039050102233887,0.8746675848960876,0.9192605475459042
random,20260913,architecture_voltage_diagnostic,tpot_ms,188,22.018302977085114,12.173563003540039,0.8210853338241577,0.8321087799010414
random,20260913,architecture_voltage_diagnostic,ttft_ms,188,19.34109330177307,179.18406677246094,0.7588536739349365,0.8616153425436538
random,20260913,architecture_voltage_diagnostic,dynamic_energy_per_token_mj,188,26.966342329978943,5.579948425292969,0.8297281861305237,0.8745076367103901
random,20260913,architecture_order_diagnostic,tpot_ms,188,6.126189604401588,3.5345640182495117,0.9748132228851318,0.9778225870220738
random,20260913,architecture_order_diagnostic,ttft_ms,188,5.930618569254875,56.79473876953125,0.9618791937828064,0.980747801644871
random,20260913,architecture_order_diagnostic,dynamic_energy_per_token_mj,188,19.644978642463684,3.471832513809204,0.9278182983398438,0.9289841016999965
random,20260913,architecture_temp_voltage_diagnostic,tpot_ms,188,8.40739980340004,4.856441020965576,0.9465433955192566,0.9603936390392829
random,20260913,architecture_temp_voltage_diagnostic,ttft_ms,188,7.487979531288147,74.31558227539062,0.928158164024353,0.967621631116285
random,20260913,architecture_temp_voltage_diagnostic,dynamic_energy_per_token_mj,188,21.21351957321167,3.801102638244629,0.9089272022247314,0.9256935527273449
held_out_order_block,0,architecture,tpot_ms,200,24.99758154153824,13.739341735839844,0.819308876991272,0.8752062557791004
held_out_order_block,0,architecture,ttft_ms,200,20.15702575445175,186.71875,0.7937531471252441,0.9087782181733364
held_out_order_block,0,architecture,dynamic_energy_per_token_mj,200,38.119447231292725,6.178719997406006,0.8035521507263184,0.8795559888997226
held_out_order_block,0,architecture_temp,tpot_ms,200,7.8277938067913055,4.182859897613525,0.9757460951805115,0.986068359918515
held_out_order_block,0,architecture_temp,ttft_ms,200,7.768293470144272,72.05595397949219,0.9554213285446167,0.9839341570906968
held_out_order_block,0,architecture_temp,dynamic_energy_per_token_mj,200,26.266556978225708,3.727762460708618,0.9090965390205383,0.928380709517738
held_out_order_block,0,architecture_voltage_diagnostic,tpot_ms,200,32.82492160797119,17.213382720947266,0.7208869457244873,0.78772305624912
held_out_order_block,0,architecture_voltage_diagnostic,ttft_ms,200,26.969540119171143,245.47824096679688,0.6615035533905029,0.8555919191219239
held_out_order_block,0,architecture_voltage_diagnostic,dynamic_energy_per_token_mj,200,43.673402070999146,7.217159271240234,0.7560499906539917,0.8418810470261757
held_out_order_block,0,architecture_order_diagnostic,tpot_ms,200,30.171513557434082,14.793256759643555,0.8034055829048157,0.8771563103806381
held_out_order_block,0,architecture_order_diagnostic,ttft_ms,200,23.926132917404175,207.35687255859375,0.7754555344581604,0.9083777065084306
held_out_order_block,0,architecture_order_diagnostic,dynamic_energy_per_token_mj,200,40.96529483795166,6.409868240356445,0.807458758354187,0.8757383934598366
held_out_order_block,0,architecture_temp_voltage_diagnostic,tpot_ms,200,12.90375292301178,6.31639289855957,0.9345194697380066,0.9525356710030747
held_out_order_block,0,architecture_temp_voltage_diagnostic,ttft_ms,200,11.991176009178162,107.97245788574219,0.8941906690597534,0.9606212281014417
held_out_order_block,0,architecture_temp_voltage_diagnostic,dynamic_energy_per_token_mj,200,28.982025384902954,4.433591842651367,0.8900917172431946,0.9209855246381161
held_out_order_block,1,architecture,tpot_ms,199,30.8884859085083,13.360616683959961,0.7288835048675537,0.9169952679953308
held_out_order_block,1,architecture,ttft_ms,199,25.637087225914,203.85772705078125,0.6551539897918701,0.9355164388030459
held_out_order_block,1,architecture,dynamic_energy_per_token_mj,199,42.77326762676239,6.1612396240234375,0.7375218868255615,0.8837764580478149
held_out_order_block,1,architecture_temp,tpot_ms,199,11.98812872171402,6.174255847930908,0.8891077637672424,0.9540473353477666
held_out_order_block,1,architecture_temp,ttft_ms,199,10.833515971899033,98.73536682128906,0.8592506051063538,0.961897807918529
held_out_order_block,1,architecture_temp,dynamic_energy_per_token_mj,199,26.49887204170227,4.255880832672119,0.8265388011932373,0.9113857164610933
held_out_order_block,1,architecture_voltage_diagnostic,tpot_ms,199,31.10608160495758,13.396732330322266,0.7328356504440308,0.9152958554042853
held_out_order_block,1,architecture_voltage_diagnostic,ttft_ms,199,25.217750668525696,201.7153778076172,0.6586135029792786,0.93806633072396
held_out_order_block,1,architecture_voltage_diagnostic,dynamic_energy_per_token_mj,199,43.03107261657715,6.16392707824707,0.745742917060852,0.8832480584741891
held_out_order_block,1,architecture_order_diagnostic,tpot_ms,199,12.767772376537323,6.791686534881592,0.8575053215026855,0.9283475268360513
held_out_order_block,1,architecture_order_diagnostic,ttft_ms,199,9.59964171051979,94.81485748291016,0.8276280164718628,0.9431889562372207
held_out_order_block,1,architecture_order_diagnostic,dynamic_energy_per_token_mj,199,29.84660565853119,4.739241600036621,0.8079855442047119,0.8897289477691487
held_out_order_block,1,architecture_temp_voltage_diagnostic,tpot_ms,199,8.88439193367958,4.563104629516602,0.9380263686180115,0.9725238789619695
held_out_order_block,1,architecture_temp_voltage_diagnostic,ttft_ms,199,8.236828446388245,75.08641052246094,0.9149107336997986,0.9781443274194145
held_out_order_block,1,architecture_temp_voltage_diagnostic,dynamic_energy_per_token_mj,199,23.965013027191162,3.81095552444458,0.8657543659210205,0.9257667123496269
held_out_order_block,2,architecture,tpot_ms,198,21.952220797538757,11.642595291137695,0.77094566822052,0.8019609002682447
held_out_order_block,2,architecture,ttft_ms,198,18.876652419567108,173.3037567138672,0.756304919719696,0.8684202288138081
held_out_order_block,2,architecture,dynamic_energy_per_token_mj,198,29.949647188186646,5.749308109283447,0.7615045309066772,0.8356866628172395
held_out_order_block,2,architecture_temp,tpot_ms,198,11.619097739458084,6.005166530609131,0.877221941947937,0.9169049059300972
held_out_order_block,2,architecture_temp,ttft_ms,198,9.921447932720184,90.09660339355469,0.8751659989356995,0.9471492602183044
held_out_order_block,2,architecture_temp,dynamic_energy_per_token_mj,198,24.035513401031494,4.554784774780273,0.8257407546043396,0.8889896336010153
held_out_order_block,2,architecture_voltage_diagnostic,tpot_ms,198,24.80689138174057,13.23165512084961,0.7149714231491089,0.7576777325464685
held_out_order_block,2,architecture_voltage_diagnostic,ttft_ms,198,20.578469336032867,186.85641479492188,0.7070437669754028,0.8419355325122277
held_out_order_block,2,architecture_voltage_diagnostic,dynamic_energy_per_token_mj,198,31.620830297470093,6.1643595695495605,0.7294013500213623,0.8171444826037587
held_out_order_block,2,architecture_order_diagnostic,tpot_ms,198,36.442628502845764,17.979183197021484,0.40385186672210693,0.8238642490494866
held_out_order_block,2,architecture_order_diagnostic,ttft_ms,198,30.474746227264404,256.5002746582031,0.3803179860115051,0.8844766194269017
held_out_order_block,2,architecture_order_diagnostic,dynamic_energy_per_token_mj,198,37.5638484954834,6.8366007804870605,0.687640905380249,0.846814444472787
held_out_order_block,2,architecture_temp_voltage_diagnostic,tpot_ms,198,10.916166752576828,5.639010906219482,0.8902564644813538,0.9272852706614143
held_out_order_block,2,architecture_temp_voltage_diagnostic,ttft_ms,198,8.743248879909515,79.36566162109375,0.9094890356063843,0.9535271380802643
held_out_order_block,2,architecture_temp_voltage_diagnostic,dynamic_energy_per_token_mj,198,22.93599843978882,4.2585625648498535,0.8408278822898865,0.8943154474108737
held_out_order_block,3,architecture,tpot_ms,194,21.437619626522064,13.113717079162598,0.8326979875564575,0.8702015310812925
held_out_order_block,3,architecture,ttft_ms,194,18.09140294790268,182.40138244628906,0.7480956315994263,0.8961903920719669
held_out_order_block,3,architecture,dynamic_energy_per_token_mj,194,30.306339263916016,5.969522476196289,0.8223295211791992,0.8851442025204109
held_out_order_block,3,architecture_temp,tpot_ms,194,9.042716026306152,5.78633975982666,0.9428709149360657,0.9436455071532326
held_out_order_block,3,architecture_temp,ttft_ms,194,8.226557075977325,84.63203430175781,0.8875465989112854,0.9402317034013691
held_out_order_block,3,architecture_temp,dynamic_energy_per_token_mj,194,23.700053989887238,4.7903642654418945,0.8284514546394348,0.9204250266052519
held_out_order_block,3,architecture_voltage_diagnostic,tpot_ms,194,23.806484043598175,14.418313980102539,0.7988184690475464,0.8329145640974598
held_out_order_block,3,architecture_voltage_diagnostic,ttft_ms,194,20.429369807243347,198.60655212402344,0.7023732662200928,0.8688839901303829
held_out_order_block,3,architecture_voltage_diagnostic,dynamic_energy_per_token_mj,194,33.68404805660248,6.626341342926025,0.7955763339996338,0.8623134037054233
held_out_order_block,3,architecture_order_diagnostic,tpot_ms,194,23.077021539211273,11.424166679382324,0.8242824077606201,0.8790110937301517
held_out_order_block,3,architecture_order_diagnostic,ttft_ms,194,18.72241646051407,153.94467163085938,0.7442578673362732,0.9046170155674829
held_out_order_block,3,architecture_order_diagnostic,dynamic_energy_per_token_mj,194,40.13600945472717,6.79203987121582,0.7320821285247803,0.8781623269631388
held_out_order_block,3,architecture_temp_voltage_diagnostic,tpot_ms,194,8.779653906822205,5.8159027099609375,0.946772575378418,0.9638787386809903
held_out_order_block,3,architecture_temp_voltage_diagnostic,ttft_ms,194,8.77087414264679,92.49676513671875,0.8893052935600281,0.9580678099302045
held_out_order_block,3,architecture_temp_voltage_diagnostic,dynamic_energy_per_token_mj,194,24.62773323059082,5.175328731536865,0.8175259828567505,0.9279788637194759
held_out_order_block,4,architecture,tpot_ms,145,24.91047829389572,17.154155731201172,0.7499833703041077,0.973188092761094
held_out_order_block,4,architecture,ttft_ms,145,22.516311705112457,264.9795227050781,0.6365207433700562,0.977215179908342
held_out_order_block,4,architecture,dynamic_energy_per_token_mj,145,31.1691015958786,8.780570030212402,0.7252002358436584,0.9338490001574553
held_out_order_block,4,architecture_temp,tpot_ms,145,9.030462801456451,6.755741596221924,0.9020440578460693,0.9255869933192308
held_out_order_block,4,architecture_temp,ttft_ms,145,8.65924060344696,104.33346557617188,0.8876723051071167,0.9531185572341228
held_out_order_block,4,architecture_temp,dynamic_energy_per_token_mj,145,21.977806091308594,5.3445611000061035,0.8540509939193726,0.9168438041253345
held_out_order_block,4,architecture_voltage_diagnostic,tpot_ms,145,23.209136724472046,16.100343704223633,0.7713550329208374,0.9625184396672616
held_out_order_block,4,architecture_voltage_diagnostic,ttft_ms,145,20.94358801841736,248.0557861328125,0.6733479499816895,0.9757429693586143
held_out_order_block,4,architecture_voltage_diagnostic,dynamic_energy_per_token_mj,145,30.51537573337555,8.598483085632324,0.7304021716117859,0.9291568256967406
held_out_order_block,4,architecture_order_diagnostic,tpot_ms,145,7.593244314193726,5.372738838195801,0.9627899527549744,0.9814388187838475
held_out_order_block,4,architecture_order_diagnostic,ttft_ms,145,6.098247319459915,71.26504516601562,0.9600374698638916,0.9864007502767632
held_out_order_block,4,architecture_order_diagnostic,dynamic_energy_per_token_mj,145,23.171812295913696,5.844840049743652,0.860837996006012,0.9400055109431584
held_out_order_block,4,architecture_temp_voltage_diagnostic,tpot_ms,145,8.646504580974579,6.0222978591918945,0.9422314763069153,0.9470325827142501
held_out_order_block,4,architecture_temp_voltage_diagnostic,ttft_ms,145,7.6388634741306305,88.38227844238281,0.9325382113456726,0.9704957590303067
held_out_order_block,4,architecture_temp_voltage_diagnostic,dynamic_energy_per_token_mj,145,22.275234758853912,5.149386405944824,0.8805782198905945,0.9248149897653912
forward_order,0,architecture,tpot_ms,188,25.55948495864868,17.715492248535156,0.6781867742538452,0.9346970583656163
forward_order,0,architecture,ttft_ms,188,23.47228229045868,277.3232727050781,0.5598377585411072,0.9552609847402663
forward_order,0,architecture,dynamic_energy_per_token_mj,188,34.403640031814575,9.035226821899414,0.66961669921875,0.8946211624559559
forward_order,0,architecture_temp,tpot_ms,188,11.585220694541931,8.456661224365234,0.8587607741355896,0.8795760552786195
forward_order,0,architecture_temp,ttft_ms,188,10.58850809931755,125.35415649414062,0.8282737731933594,0.9266076792616066
forward_order,0,architecture_temp,dynamic_energy_per_token_mj,188,26.135924458503723,5.799155235290527,0.82170569896698,0.8822066544219235
forward_order,0,architecture_voltage_diagnostic,tpot_ms,188,25.857192277908325,18.876928329467773,0.5908167958259583,0.9218152167465866
forward_order,0,architecture_voltage_diagnostic,ttft_ms,188,23.580388724803925,287.50946044921875,0.4992692470550537,0.9430857454547484
forward_order,0,architecture_voltage_diagnostic,dynamic_energy_per_token_mj,188,35.967522859573364,9.525740623474121,0.621071457862854,0.8820170234438068
forward_order,0,architecture_order_diagnostic,tpot_ms,188,13.560929894447327,9.126644134521484,0.8891137838363647,0.9385483940973823
forward_order,0,architecture_order_diagnostic,ttft_ms,188,14.529897272586823,169.56594848632812,0.8152674436569214,0.9511712674129571
forward_order,0,architecture_order_diagnostic,dynamic_energy_per_token_mj,188,32.74620771408081,6.945687294006348,0.7935389280319214,0.8830521598780012
forward_order,0,architecture_temp_voltage_diagnostic,tpot_ms,188,10.661567747592926,7.593694686889648,0.897205650806427,0.9065335872104842
forward_order,0,architecture_temp_voltage_diagnostic,ttft_ms,188,10.090485215187073,119.025390625,0.8585523366928101,0.9407975264864549
forward_order,0,architecture_temp_voltage_diagnostic,dynamic_energy_per_token_mj,188,26.02381408214569,5.627462387084961,0.8386168479919434,0.8928819754852294
