variant,seed,target,feature,normalized_gain
baseline,42,tpot_ms,n_layer,0.05562642589211464
baseline,42,tpot_ms,d_model,0.012579775415360928
baseline,42,tpot_ms,n_h,0.02218608930706978
baseline,42,tpot_ms,n_kv,0.016077488660812378
baseline,42,tpot_ms,d_qk,0.014612005092203617
baseline,42,tpot_ms,d_v,0.015198024921119213
baseline,42,tpot_ms,d_mlp,0.014820167794823647
baseline,42,tpot_ms,total_params_M,0.14743849635124207
baseline,42,tpot_ms,q8_group_size,0.6127469539642334
baseline,42,tpot_ms,layer_size_kb,0.01708509400486946
baseline,42,tpot_ms,mlp_ratio,0.015738507732748985
baseline,42,tpot_ms,kv_ratio,0.009832057170569897
baseline,42,tpot_ms,kv_bytes_per_token,0.020034359768033028
baseline,42,tpot_ms,attention_width,0.026024576276540756
baseline,42,ttft_ms,n_layer,0.12121052294969559
baseline,42,ttft_ms,d_model,0.05964239686727524
baseline,42,ttft_ms,n_h,0.02190014161169529
baseline,42,ttft_ms,n_kv,0.015907669439911842
baseline,42,ttft_ms,d_qk,0.0058474065735936165
baseline,42,ttft_ms,d_v,0.011933716014027596
baseline,42,ttft_ms,d_mlp,0.026913782581686974
baseline,42,ttft_ms,total_params_M,0.34776636958122253
baseline,42,ttft_ms,q8_group_size,0.07479672878980637
baseline,42,ttft_ms,layer_size_kb,0.2343735247850418
baseline,42,ttft_ms,mlp_ratio,0.02131642960011959
baseline,42,ttft_ms,kv_ratio,0.01452593132853508
baseline,42,ttft_ms,kv_bytes_per_token,0.021368103101849556
baseline,42,ttft_ms,attention_width,0.02249716967344284
baseline,42,dynamic_energy_per_token_mj,n_layer,0.10711555927991867
baseline,42,dynamic_energy_per_token_mj,d_model,0.06161506846547127
baseline,42,dynamic_energy_per_token_mj,n_h,0.05476630479097366
baseline,42,dynamic_energy_per_token_mj,n_kv,0.01240325253456831
baseline,42,dynamic_energy_per_token_mj,d_qk,0.017057541757822037
baseline,42,dynamic_energy_per_token_mj,d_v,0.014186493121087551
baseline,42,dynamic_energy_per_token_mj,d_mlp,0.019425496459007263
baseline,42,dynamic_energy_per_token_mj,total_params_M,0.28081345558166504
baseline,42,dynamic_energy_per_token_mj,q8_group_size,0.30450448393821716
baseline,42,dynamic_energy_per_token_mj,layer_size_kb,0.01682448759675026
baseline,42,dynamic_energy_per_token_mj,mlp_ratio,0.0390450544655323
baseline,42,dynamic_energy_per_token_mj,kv_ratio,0.013558248989284039
baseline,42,dynamic_energy_per_token_mj,kv_bytes_per_token,0.03076140396296978
baseline,42,dynamic_energy_per_token_mj,attention_width,0.027923239395022392
baseline,123,tpot_ms,n_layer,0.058612558990716934
baseline,123,tpot_ms,d_model,0.01660202629864216
baseline,123,tpot_ms,n_h,0.030437136068940163
baseline,123,tpot_ms,n_kv,0.015039825811982155
baseline,123,tpot_ms,d_qk,0.013438082300126553
baseline,123,tpot_ms,d_v,0.01677386835217476
baseline,123,tpot_ms,d_mlp,0.015306735411286354
baseline,123,tpot_ms,total_params_M,0.14698994159698486
baseline,123,tpot_ms,q8_group_size,0.5971723198890686
baseline,123,tpot_ms,layer_size_kb,0.012673182412981987
baseline,123,tpot_ms,mlp_ratio,0.017092406749725342
baseline,123,tpot_ms,kv_ratio,0.01215578243136406
baseline,123,tpot_ms,kv_bytes_per_token,0.022258900105953217
baseline,123,tpot_ms,attention_width,0.02544724941253662
baseline,123,ttft_ms,n_layer,0.1364641636610031
baseline,123,ttft_ms,d_model,0.05172572657465935
baseline,123,ttft_ms,n_h,0.020931221544742584
baseline,123,ttft_ms,n_kv,0.015789028257131577
baseline,123,ttft_ms,d_qk,0.009235088713467121
baseline,123,ttft_ms,d_v,0.015271777287125587
baseline,123,ttft_ms,d_mlp,0.034894317388534546
baseline,123,ttft_ms,total_params_M,0.3711076080799103
baseline,123,ttft_ms,q8_group_size,0.07955015450716019
baseline,123,ttft_ms,layer_size_kb,0.19059191644191742
baseline,123,ttft_ms,mlp_ratio,0.023515798151493073
baseline,123,ttft_ms,kv_ratio,0.014514023438096046
baseline,123,ttft_ms,kv_bytes_per_token,0.011825989000499249
baseline,123,ttft_ms,attention_width,0.024583177641034126
baseline,123,dynamic_energy_per_token_mj,n_layer,0.12281738966703415
baseline,123,dynamic_energy_per_token_mj,d_model,0.06489364802837372
baseline,123,dynamic_energy_per_token_mj,n_h,0.04112561047077179
baseline,123,dynamic_energy_per_token_mj,n_kv,0.015537001192569733
baseline,123,dynamic_energy_per_token_mj,d_qk,0.019126594066619873
baseline,123,dynamic_energy_per_token_mj,d_v,0.013582398183643818
baseline,123,dynamic_energy_per_token_mj,d_mlp,0.01927117444574833
baseline,123,dynamic_energy_per_token_mj,total_params_M,0.2957594394683838
baseline,123,dynamic_energy_per_token_mj,q8_group_size,0.26344674825668335
baseline,123,dynamic_energy_per_token_mj,layer_size_kb,0.022669320926070213
baseline,123,dynamic_energy_per_token_mj,mlp_ratio,0.03848832845687866
baseline,123,dynamic_energy_per_token_mj,kv_ratio,0.014856911264359951
baseline,123,dynamic_energy_per_token_mj,kv_bytes_per_token,0.030026452615857124
baseline,123,dynamic_energy_per_token_mj,attention_width,0.038398969918489456
baseline,2026,tpot_ms,n_layer,0.05867661163210869
baseline,2026,tpot_ms,d_model,0.01335191447287798
baseline,2026,tpot_ms,n_h,0.02789979986846447
baseline,2026,tpot_ms,n_kv,0.018039407208561897
baseline,2026,tpot_ms,d_qk,0.011152034625411034
baseline,2026,tpot_ms,d_v,0.016509035602211952
baseline,2026,tpot_ms,d_mlp,0.01753251627087593
baseline,2026,tpot_ms,total_params_M,0.1484598070383072
baseline,2026,tpot_ms,q8_group_size,0.5863046646118164
baseline,2026,tpot_ms,layer_size_kb,0.02185424603521824
baseline,2026,tpot_ms,mlp_ratio,0.018528323620557785
baseline,2026,tpot_ms,kv_ratio,0.011151694692671299
baseline,2026,tpot_ms,kv_bytes_per_token,0.0214119590818882
baseline,2026,tpot_ms,attention_width,0.029127933084964752
baseline,2026,ttft_ms,n_layer,0.11836384236812592
baseline,2026,ttft_ms,d_model,0.062233343720436096
baseline,2026,ttft_ms,n_h,0.02994908206164837
baseline,2026,ttft_ms,n_kv,0.020547999069094658
baseline,2026,ttft_ms,d_qk,0.012881748378276825
baseline,2026,ttft_ms,d_v,0.01665322668850422
baseline,2026,ttft_ms,d_mlp,0.06207698956131935
baseline,2026,ttft_ms,total_params_M,0.42877069115638733
baseline,2026,ttft_ms,q8_group_size,0.09153468161821365
baseline,2026,ttft_ms,layer_size_kb,0.08038225024938583
baseline,2026,ttft_ms,mlp_ratio,0.02166105806827545
baseline,2026,ttft_ms,kv_ratio,0.01287998165935278
baseline,2026,ttft_ms,kv_bytes_per_token,0.015228142961859703
baseline,2026,ttft_ms,attention_width,0.026836935430765152
baseline,2026,dynamic_energy_per_token_mj,n_layer,0.11448798328638077
baseline,2026,dynamic_energy_per_token_mj,d_model,0.077513687312603
baseline,2026,dynamic_energy_per_token_mj,n_h,0.05248234421014786
baseline,2026,dynamic_energy_per_token_mj,n_kv,0.013935156166553497
baseline,2026,dynamic_energy_per_token_mj,d_qk,0.011219516396522522
baseline,2026,dynamic_energy_per_token_mj,d_v,0.01471055019646883
baseline,2026,dynamic_energy_per_token_mj,d_mlp,0.016547026112675667
baseline,2026,dynamic_energy_per_token_mj,total_params_M,0.2967279851436615
baseline,2026,dynamic_energy_per_token_mj,q8_group_size,0.27232539653778076
baseline,2026,dynamic_energy_per_token_mj,layer_size_kb,0.018363529816269875
baseline,2026,dynamic_energy_per_token_mj,mlp_ratio,0.037576962262392044
baseline,2026,dynamic_energy_per_token_mj,kv_ratio,0.01468157209455967
baseline,2026,dynamic_energy_per_token_mj,kv_bytes_per_token,0.032987114042043686
baseline,2026,dynamic_energy_per_token_mj,attention_width,0.02644115872681141
compute,42,tpot_ms,n_layer,0.006607699673622847
compute,42,tpot_ms,d_model,0.007128931116312742
compute,42,tpot_ms,n_h,0.011835127137601376
compute,42,tpot_ms,n_kv,0.007788750808686018
compute,42,tpot_ms,d_qk,0.00606899568811059
compute,42,tpot_ms,d_v,0.005401624366641045
compute,42,tpot_ms,d_mlp,0.008886229246854782
compute,42,tpot_ms,total_params_M,0.01797630824148655
compute,42,tpot_ms,q8_group_size,0.43313178420066833
compute,42,tpot_ms,layer_size_kb,0.006832214072346687
compute,42,tpot_ms,mlp_ratio,0.007669451180845499
compute,42,tpot_ms,kv_ratio,0.005596401635557413
compute,42,tpot_ms,kv_bytes_per_token,0.007002025377005339
compute,42,tpot_ms,attention_width,0.007656024768948555
compute,42,tpot_ms,decode_dense_mac,0.010638301260769367
compute,42,tpot_ms,decode_attention_mac,0.009457949548959732
compute,42,tpot_ms,decode_total_mac,0.04690214619040489
compute,42,tpot_ms,prefill_dense_mac,0.048607632517814636
compute,42,tpot_ms,prefill_attention_mac,0.00868468638509512
compute,42,tpot_ms,prefill_total_mac,0.1562705934047699
compute,42,tpot_ms,sequence_mac,0.08706232160329819
compute,42,tpot_ms,mlp_mac_fraction,0.007408488541841507
compute,42,tpot_ms,classifier_mac_fraction,0.030123401433229446
compute,42,tpot_ms,attention_projection_mac,0.013704422861337662
compute,42,tpot_ms,decode_output_elements,0.04155852645635605
compute,42,ttft_ms,n_layer,0.006982892286032438
compute,42,ttft_ms,d_model,0.007877271622419357
compute,42,ttft_ms,n_h,0.012487745843827724
compute,42,ttft_ms,n_kv,0.009361657314002514
compute,42,ttft_ms,d_qk,0.003881679615005851
compute,42,ttft_ms,d_v,0.005743807647377253
compute,42,ttft_ms,d_mlp,0.007135216146707535
compute,42,ttft_ms,total_params_M,0.01833464950323105
compute,42,ttft_ms,q8_group_size,0.024267569184303284
compute,42,ttft_ms,layer_size_kb,0.006870180834084749
compute,42,ttft_ms,mlp_ratio,0.006104255560785532
compute,42,ttft_ms,kv_ratio,0.007232684176415205
compute,42,ttft_ms,kv_bytes_per_token,0.005576810333877802
compute,42,ttft_ms,attention_width,0.005721408408135176
compute,42,ttft_ms,decode_dense_mac,0.014589549042284489
compute,42,ttft_ms,decode_attention_mac,0.009009446948766708
compute,42,ttft_ms,decode_total_mac,0.0803803876042366
compute,42,ttft_ms,prefill_dense_mac,0.18196681141853333
compute,42,ttft_ms,prefill_attention_mac,0.007919534109532833
compute,42,ttft_ms,prefill_total_mac,0.4292846918106079
compute,42,ttft_ms,sequence_mac,0.09794747084379196
compute,42,ttft_ms,mlp_mac_fraction,0.007206792011857033
compute,42,ttft_ms,classifier_mac_fraction,0.015816204249858856
compute,42,ttft_ms,attention_projection_mac,0.008379051461815834
compute,42,ttft_ms,decode_output_elements,0.019922230392694473
compute,42,dynamic_energy_per_token_mj,n_layer,0.01403239369392395
compute,42,dynamic_energy_per_token_mj,d_model,0.009172122925519943
compute,42,dynamic_energy_per_token_mj,n_h,0.014167426154017448
compute,42,dynamic_energy_per_token_mj,n_kv,0.008634153753519058
compute,42,dynamic_energy_per_token_mj,d_qk,0.006800193805247545
compute,42,dynamic_energy_per_token_mj,d_v,0.008104605600237846
compute,42,dynamic_energy_per_token_mj,d_mlp,0.010655539110302925
compute,42,dynamic_energy_per_token_mj,total_params_M,0.021214812994003296
compute,42,dynamic_energy_per_token_mj,q8_group_size,0.20023088157176971
compute,42,dynamic_energy_per_token_mj,layer_size_kb,0.010930389165878296
compute,42,dynamic_energy_per_token_mj,mlp_ratio,0.010133670642971992
compute,42,dynamic_energy_per_token_mj,kv_ratio,0.008238868787884712
compute,42,dynamic_energy_per_token_mj,kv_bytes_per_token,0.007605809718370438
compute,42,dynamic_energy_per_token_mj,attention_width,0.005680561065673828
compute,42,dynamic_energy_per_token_mj,decode_dense_mac,0.009088894352316856
compute,42,dynamic_energy_per_token_mj,decode_attention_mac,0.014128758572041988
compute,42,dynamic_energy_per_token_mj,decode_total_mac,0.017725149169564247
compute,42,dynamic_energy_per_token_mj,prefill_dense_mac,0.11649597436189651
compute,42,dynamic_energy_per_token_mj,prefill_attention_mac,0.01095879077911377
compute,42,dynamic_energy_per_token_mj,prefill_total_mac,0.2344629466533661
compute,42,dynamic_energy_per_token_mj,sequence_mac,0.04420291259884834
compute,42,dynamic_energy_per_token_mj,mlp_mac_fraction,0.01016936358064413
compute,42,dynamic_energy_per_token_mj,classifier_mac_fraction,0.14340811967849731
compute,42,dynamic_energy_per_token_mj,attention_projection_mac,0.01534747052937746
compute,42,dynamic_energy_per_token_mj,decode_output_elements,0.048410139977931976
compute,123,tpot_ms,n_layer,0.007540608756244183
compute,123,tpot_ms,d_model,0.0066299340687692165
compute,123,tpot_ms,n_h,0.007384839933365583
compute,123,tpot_ms,n_kv,0.009417235851287842
compute,123,tpot_ms,d_qk,0.007779400795698166
compute,123,tpot_ms,d_v,0.005204624030739069
compute,123,tpot_ms,d_mlp,0.009220658801496029
compute,123,tpot_ms,total_params_M,0.022337831556797028
compute,123,tpot_ms,q8_group_size,0.45681390166282654
compute,123,tpot_ms,layer_size_kb,0.007027787156403065
compute,123,tpot_ms,mlp_ratio,0.007897389121353626
compute,123,tpot_ms,kv_ratio,0.004631080664694309
compute,123,tpot_ms,kv_bytes_per_token,0.007005346938967705
compute,123,tpot_ms,attention_width,0.006205118726938963
compute,123,tpot_ms,decode_dense_mac,0.016066573560237885
compute,123,tpot_ms,decode_attention_mac,0.009440014138817787
compute,123,tpot_ms,decode_total_mac,0.05037860572338104
compute,123,tpot_ms,prefill_dense_mac,0.09462867677211761
compute,123,tpot_ms,prefill_attention_mac,0.006088437046855688
compute,123,tpot_ms,prefill_total_mac,0.1174752339720726
compute,123,tpot_ms,sequence_mac,0.039994776248931885
compute,123,tpot_ms,mlp_mac_fraction,0.006964918691664934
compute,123,tpot_ms,classifier_mac_fraction,0.02158408984541893
compute,123,tpot_ms,attention_projection_mac,0.014220742508769035
compute,123,tpot_ms,decode_output_elements,0.05806226283311844
compute,123,ttft_ms,n_layer,0.007338299416005611
compute,123,ttft_ms,d_model,0.008035059086978436
compute,123,ttft_ms,n_h,0.012434733100235462
compute,123,ttft_ms,n_kv,0.00903392769396305
compute,123,ttft_ms,d_qk,0.005338058341294527
compute,123,ttft_ms,d_v,0.005992545280605555
compute,123,ttft_ms,d_mlp,0.006645876448601484
compute,123,ttft_ms,total_params_M,0.024048635736107826
compute,123,ttft_ms,q8_group_size,0.023848149925470352
compute,123,ttft_ms,layer_size_kb,0.006373354233801365
compute,123,ttft_ms,mlp_ratio,0.006653596647083759
compute,123,ttft_ms,kv_ratio,0.008352456614375114
compute,123,ttft_ms,kv_bytes_per_token,0.0066603017039597034
compute,123,ttft_ms,attention_width,0.005345536861568689
compute,123,ttft_ms,decode_dense_mac,0.010344068519771099
compute,123,ttft_ms,decode_attention_mac,0.008584121242165565
compute,123,ttft_ms,decode_total_mac,0.09044352918863297
compute,123,ttft_ms,prefill_dense_mac,0.19129598140716553
compute,123,ttft_ms,prefill_attention_mac,0.008074847981333733
compute,123,ttft_ms,prefill_total_mac,0.38453400135040283
compute,123,ttft_ms,sequence_mac,0.1146293357014656
compute,123,ttft_ms,mlp_mac_fraction,0.00807282142341137
compute,123,ttft_ms,classifier_mac_fraction,0.017475713044404984
compute,123,ttft_ms,attention_projection_mac,0.009008273482322693
compute,123,ttft_ms,decode_output_elements,0.021436767652630806
compute,123,dynamic_energy_per_token_mj,n_layer,0.012288566678762436
compute,123,dynamic_energy_per_token_mj,d_model,0.01100725308060646
compute,123,dynamic_energy_per_token_mj,n_h,0.007409759797155857
compute,123,dynamic_energy_per_token_mj,n_kv,0.007923881523311138
compute,123,dynamic_energy_per_token_mj,d_qk,0.004790591076016426
compute,123,dynamic_energy_per_token_mj,d_v,0.007368410471826792
compute,123,dynamic_energy_per_token_mj,d_mlp,0.0108081279322505
compute,123,dynamic_energy_per_token_mj,total_params_M,0.031707514077425
compute,123,dynamic_energy_per_token_mj,q8_group_size,0.1685153841972351
compute,123,dynamic_energy_per_token_mj,layer_size_kb,0.010074387304484844
compute,123,dynamic_energy_per_token_mj,mlp_ratio,0.008096708916127682
compute,123,dynamic_energy_per_token_mj,kv_ratio,0.006982638034969568
compute,123,dynamic_energy_per_token_mj,kv_bytes_per_token,0.007884186692535877
compute,123,dynamic_energy_per_token_mj,attention_width,0.009954199194908142
compute,123,dynamic_energy_per_token_mj,decode_dense_mac,0.011881913989782333
compute,123,dynamic_energy_per_token_mj,decode_attention_mac,0.01697358675301075
compute,123,dynamic_energy_per_token_mj,decode_total_mac,0.013378501869738102
compute,123,dynamic_energy_per_token_mj,prefill_dense_mac,0.1423283964395523
compute,123,dynamic_energy_per_token_mj,prefill_attention_mac,0.007613413967192173
compute,123,dynamic_energy_per_token_mj,prefill_total_mac,0.19844210147857666
compute,123,dynamic_energy_per_token_mj,sequence_mac,0.0608929879963398
compute,123,dynamic_energy_per_token_mj,mlp_mac_fraction,0.009973803535103798
compute,123,dynamic_energy_per_token_mj,classifier_mac_fraction,0.15514741837978363
compute,123,dynamic_energy_per_token_mj,attention_projection_mac,0.01707877591252327
compute,123,dynamic_energy_per_token_mj,decode_output_elements,0.06147744879126549
compute,2026,tpot_ms,n_layer,0.007598869036883116
compute,2026,tpot_ms,d_model,0.008233669213950634
compute,2026,tpot_ms,n_h,0.016998328268527985
compute,2026,tpot_ms,n_kv,0.008302846923470497
compute,2026,tpot_ms,d_qk,0.007102620787918568
compute,2026,tpot_ms,d_v,0.005667679011821747
compute,2026,tpot_ms,d_mlp,0.008985346183180809
compute,2026,tpot_ms,total_params_M,0.023553824052214622
compute,2026,tpot_ms,q8_group_size,0.42812514305114746
compute,2026,tpot_ms,layer_size_kb,0.007827083580195904
compute,2026,tpot_ms,mlp_ratio,0.007711099460721016
compute,2026,tpot_ms,kv_ratio,0.006256062537431717
compute,2026,tpot_ms,kv_bytes_per_token,0.007075615227222443
compute,2026,tpot_ms,attention_width,0.005339071620255709
compute,2026,tpot_ms,decode_dense_mac,0.013072016648948193
compute,2026,tpot_ms,decode_attention_mac,0.008501638658344746
compute,2026,tpot_ms,decode_total_mac,0.03902018070220947
compute,2026,tpot_ms,prefill_dense_mac,0.04024573415517807
compute,2026,tpot_ms,prefill_attention_mac,0.014267672784626484
compute,2026,tpot_ms,prefill_total_mac,0.18767043948173523
compute,2026,tpot_ms,sequence_mac,0.06153200939297676
compute,2026,tpot_ms,mlp_mac_fraction,0.006784916389733553
compute,2026,tpot_ms,classifier_mac_fraction,0.02492350898683071
compute,2026,tpot_ms,attention_projection_mac,0.012150890193879604
compute,2026,tpot_ms,decode_output_elements,0.04305386170744896
compute,2026,ttft_ms,n_layer,0.00709222536534071
compute,2026,ttft_ms,d_model,0.009877604432404041
compute,2026,ttft_ms,n_h,0.01300251204520464
compute,2026,ttft_ms,n_kv,0.009359008632600307
compute,2026,ttft_ms,d_qk,0.0065826005302369595
compute,2026,ttft_ms,d_v,0.005209964234381914
compute,2026,ttft_ms,d_mlp,0.006172976456582546
compute,2026,ttft_ms,total_params_M,0.018490897491574287
compute,2026,ttft_ms,q8_group_size,0.025848742574453354
compute,2026,ttft_ms,layer_size_kb,0.00730842724442482
compute,2026,ttft_ms,mlp_ratio,0.0066630165092647076
compute,2026,ttft_ms,kv_ratio,0.0075469184666872025
compute,2026,ttft_ms,kv_bytes_per_token,0.006566284690052271
compute,2026,ttft_ms,attention_width,0.0063313934952020645
compute,2026,ttft_ms,decode_dense_mac,0.011098979972302914
compute,2026,ttft_ms,decode_attention_mac,0.009207746013998985
compute,2026,ttft_ms,decode_total_mac,0.06383781880140305
compute,2026,ttft_ms,prefill_dense_mac,0.14768332242965698
compute,2026,ttft_ms,prefill_attention_mac,0.007468521595001221
compute,2026,ttft_ms,prefill_total_mac,0.5118301510810852
compute,2026,ttft_ms,sequence_mac,0.05442008748650551
compute,2026,ttft_ms,mlp_mac_fraction,0.0075591932982206345
compute,2026,ttft_ms,classifier_mac_fraction,0.021443966776132584
compute,2026,ttft_ms,attention_projection_mac,0.008339624851942062
compute,2026,ttft_ms,decode_output_elements,0.021058009937405586
compute,2026,dynamic_energy_per_token_mj,n_layer,0.01427827775478363
compute,2026,dynamic_energy_per_token_mj,d_model,0.009367982856929302
compute,2026,dynamic_energy_per_token_mj,n_h,0.009507590904831886
compute,2026,dynamic_energy_per_token_mj,n_kv,0.008574006147682667
compute,2026,dynamic_energy_per_token_mj,d_qk,0.0053801024332642555
compute,2026,dynamic_energy_per_token_mj,d_v,0.006959771737456322
compute,2026,dynamic_energy_per_token_mj,d_mlp,0.010635589249432087
compute,2026,dynamic_energy_per_token_mj,total_params_M,0.022316016256809235
compute,2026,dynamic_energy_per_token_mj,q8_group_size,0.1810745745897293
compute,2026,dynamic_energy_per_token_mj,layer_size_kb,0.00936886202543974
compute,2026,dynamic_energy_per_token_mj,mlp_ratio,0.008880612440407276
compute,2026,dynamic_energy_per_token_mj,kv_ratio,0.007621685042977333
compute,2026,dynamic_energy_per_token_mj,kv_bytes_per_token,0.007856832817196846
compute,2026,dynamic_energy_per_token_mj,attention_width,0.0069846161641180515
compute,2026,dynamic_energy_per_token_mj,decode_dense_mac,0.018918657675385475
compute,2026,dynamic_energy_per_token_mj,decode_attention_mac,0.01205347664654255
compute,2026,dynamic_energy_per_token_mj,decode_total_mac,0.013152857311069965
compute,2026,dynamic_energy_per_token_mj,prefill_dense_mac,0.11199084669351578
compute,2026,dynamic_energy_per_token_mj,prefill_attention_mac,0.025026902556419373
compute,2026,dynamic_energy_per_token_mj,prefill_total_mac,0.243721604347229
compute,2026,dynamic_energy_per_token_mj,sequence_mac,0.06475867331027985
compute,2026,dynamic_energy_per_token_mj,mlp_mac_fraction,0.012326296418905258
compute,2026,dynamic_energy_per_token_mj,classifier_mac_fraction,0.11152473092079163
compute,2026,dynamic_energy_per_token_mj,attention_projection_mac,0.013252036646008492
compute,2026,dynamic_energy_per_token_mj,decode_output_elements,0.06446747481822968
memory,42,tpot_ms,n_layer,0.007644335273653269
memory,42,tpot_ms,d_model,0.005292572546750307
memory,42,tpot_ms,n_h,0.0046861316077411175
memory,42,tpot_ms,n_kv,0.007630576379597187
memory,42,tpot_ms,d_qk,0.006690685637295246
memory,42,tpot_ms,d_v,0.004905408248305321
memory,42,tpot_ms,d_mlp,0.007893504574894905
memory,42,tpot_ms,total_params_M,0.02618439309298992
memory,42,tpot_ms,q8_group_size,0.6259187459945679
memory,42,tpot_ms,layer_size_kb,0.0060545834712684155
memory,42,tpot_ms,mlp_ratio,0.006909756455570459
memory,42,tpot_ms,kv_ratio,0.005470446310937405
memory,42,tpot_ms,kv_bytes_per_token,0.007466771639883518
memory,42,tpot_ms,attention_width,0.004943751264363527
memory,42,tpot_ms,q8_weight_bytes,0.04455443099141121
memory,42,tpot_ms,q8_scale_bytes,0.021122390404343605
memory,42,tpot_ms,embedding_fp32_bytes,0.006887456867843866
memory,42,tpot_ms,kv_read_unique_bytes,0.005982814822345972
memory,42,tpot_ms,kv_read_per_head_bytes,0.0076619163155555725
memory,42,tpot_ms,kv_write_bytes,0.003946585580706596
memory,42,tpot_ms,kv_allocated_bytes,0.0
memory,42,tpot_ms,decode_logical_bytes,0.10321778059005737
memory,42,tpot_ms,decode_mac_per_logical_byte,0.02999906986951828
memory,42,tpot_ms,prefill_mac_per_weight_byte,0.03267183154821396
memory,42,tpot_ms,layer_weight_bytes,0.00652168458327651
memory,42,tpot_ms,prefill_mlp_buffer_bytes,0.009742301888763905
memory,42,ttft_ms,n_layer,0.01353246346116066
memory,42,ttft_ms,d_model,0.0350191667675972
memory,42,ttft_ms,n_h,0.010165946558117867
memory,42,ttft_ms,n_kv,0.011169059202075005
memory,42,ttft_ms,d_qk,0.007231580093502998
memory,42,ttft_ms,d_v,0.009033549576997757
memory,42,ttft_ms,d_mlp,0.009331167675554752
memory,42,ttft_ms,total_params_M,0.009002636186778545
memory,42,ttft_ms,q8_group_size,0.016577742993831635
memory,42,ttft_ms,layer_size_kb,0.009332308545708656
memory,42,ttft_ms,mlp_ratio,0.009988709352910519
memory,42,ttft_ms,kv_ratio,0.007907751947641373
memory,42,ttft_ms,kv_bytes_per_token,0.009264779277145863
memory,42,ttft_ms,attention_width,0.008898889645934105
memory,42,ttft_ms,q8_weight_bytes,0.12774358689785004
memory,42,ttft_ms,q8_scale_bytes,0.07130920886993408
memory,42,ttft_ms,embedding_fp32_bytes,0.07376640290021896
memory,42,ttft_ms,kv_read_unique_bytes,0.0111073674634099
memory,42,ttft_ms,kv_read_per_head_bytes,0.008392872288823128
memory,42,ttft_ms,kv_write_bytes,0.003999535925686359
memory,42,ttft_ms,kv_allocated_bytes,0.0
memory,42,ttft_ms,decode_logical_bytes,0.4753436744213104
memory,42,ttft_ms,decode_mac_per_logical_byte,0.01579871214926243
memory,42,ttft_ms,prefill_mac_per_weight_byte,0.025371871888637543
memory,42,ttft_ms,layer_weight_bytes,0.01055108942091465
memory,42,ttft_ms,prefill_mlp_buffer_bytes,0.010159919038414955
memory,42,dynamic_energy_per_token_mj,n_layer,0.01596824824810028
memory,42,dynamic_energy_per_token_mj,d_model,0.013810562901198864
memory,42,dynamic_energy_per_token_mj,n_h,0.010038461536169052
memory,42,dynamic_energy_per_token_mj,n_kv,0.011568285524845123
memory,42,dynamic_energy_per_token_mj,d_qk,0.008720333687961102
memory,42,dynamic_energy_per_token_mj,d_v,0.008496780879795551
memory,42,dynamic_energy_per_token_mj,d_mlp,0.013562741689383984
memory,42,dynamic_energy_per_token_mj,total_params_M,0.0455472432076931
memory,42,dynamic_energy_per_token_mj,q8_group_size,0.29057610034942627
memory,42,dynamic_energy_per_token_mj,layer_size_kb,0.012051248922944069
memory,42,dynamic_energy_per_token_mj,mlp_ratio,0.010776869021356106
memory,42,dynamic_energy_per_token_mj,kv_ratio,0.008384664542973042
memory,42,dynamic_energy_per_token_mj,kv_bytes_per_token,0.013993675820529461
memory,42,dynamic_energy_per_token_mj,attention_width,0.010009131394326687
memory,42,dynamic_energy_per_token_mj,q8_weight_bytes,0.06953970342874527
memory,42,dynamic_energy_per_token_mj,q8_scale_bytes,0.05121654272079468
memory,42,dynamic_energy_per_token_mj,embedding_fp32_bytes,0.010248071514070034
memory,42,dynamic_energy_per_token_mj,kv_read_unique_bytes,0.011632133275270462
memory,42,dynamic_energy_per_token_mj,kv_read_per_head_bytes,0.013036979362368584
memory,42,dynamic_energy_per_token_mj,kv_write_bytes,0.0
memory,42,dynamic_energy_per_token_mj,kv_allocated_bytes,0.0
memory,42,dynamic_energy_per_token_mj,decode_logical_bytes,0.08635467290878296
memory,42,dynamic_energy_per_token_mj,decode_mac_per_logical_byte,0.03705501928925514
memory,42,dynamic_energy_per_token_mj,prefill_mac_per_weight_byte,0.22182697057724
memory,42,dynamic_energy_per_token_mj,layer_weight_bytes,0.012498579919338226
memory,42,dynamic_energy_per_token_mj,prefill_mlp_buffer_bytes,0.013086896389722824
memory,123,tpot_ms,n_layer,0.008209288120269775
memory,123,tpot_ms,d_model,0.006100161466747522
memory,123,tpot_ms,n_h,0.004454432521015406
memory,123,tpot_ms,n_kv,0.008690563030540943
memory,123,tpot_ms,d_qk,0.006618943531066179
memory,123,tpot_ms,d_v,0.005180308595299721
memory,123,tpot_ms,d_mlp,0.007418869528919458
memory,123,tpot_ms,total_params_M,0.02530704252421856
memory,123,tpot_ms,q8_group_size,0.6565057635307312
memory,123,tpot_ms,layer_size_kb,0.0064275795593857765
memory,123,tpot_ms,mlp_ratio,0.006314365658909082
memory,123,tpot_ms,kv_ratio,0.0041832104325294495
memory,123,tpot_ms,kv_bytes_per_token,0.006707973778247833
memory,123,tpot_ms,attention_width,0.005326943472027779
memory,123,tpot_ms,q8_weight_bytes,0.037793006747961044
memory,123,tpot_ms,q8_scale_bytes,0.01751895807683468
memory,123,tpot_ms,embedding_fp32_bytes,0.006079659331589937
memory,123,tpot_ms,kv_read_unique_bytes,0.006504482124000788
memory,123,tpot_ms,kv_read_per_head_bytes,0.00924267340451479
memory,123,tpot_ms,kv_write_bytes,0.0
memory,123,tpot_ms,kv_allocated_bytes,0.0
memory,123,tpot_ms,decode_logical_bytes,0.09885662794113159
memory,123,tpot_ms,decode_mac_per_logical_byte,0.02399536408483982
memory,123,tpot_ms,prefill_mac_per_weight_byte,0.027003703638911247
memory,123,tpot_ms,layer_weight_bytes,0.008063024841248989
memory,123,tpot_ms,prefill_mlp_buffer_bytes,0.007497107610106468
memory,123,ttft_ms,n_layer,0.015259369276463985
memory,123,ttft_ms,d_model,0.0428166389465332
memory,123,ttft_ms,n_h,0.008561046794056892
memory,123,ttft_ms,n_kv,0.011560304090380669
memory,123,ttft_ms,d_qk,0.00807647593319416
memory,123,ttft_ms,d_v,0.00705417525023222
memory,123,ttft_ms,d_mlp,0.008617842569947243
memory,123,ttft_ms,total_params_M,0.014609596692025661
memory,123,ttft_ms,q8_group_size,0.013949825428426266
memory,123,ttft_ms,layer_size_kb,0.010752284899353981
memory,123,ttft_ms,mlp_ratio,0.009316728450357914
memory,123,ttft_ms,kv_ratio,0.008551029488444328
memory,123,ttft_ms,kv_bytes_per_token,0.009255479089915752
memory,123,ttft_ms,attention_width,0.007882879115641117
memory,123,ttft_ms,q8_weight_bytes,0.2231658697128296
memory,123,ttft_ms,q8_scale_bytes,0.06849782913923264
memory,123,ttft_ms,embedding_fp32_bytes,0.007502364926040173
memory,123,ttft_ms,kv_read_unique_bytes,0.007955995388329029
memory,123,ttft_ms,kv_read_per_head_bytes,0.009229881688952446
memory,123,ttft_ms,kv_write_bytes,0.0
memory,123,ttft_ms,kv_allocated_bytes,0.0
memory,123,ttft_ms,decode_logical_bytes,0.44454312324523926
memory,123,ttft_ms,decode_mac_per_logical_byte,0.016972366720438004
memory,123,ttft_ms,prefill_mac_per_weight_byte,0.02576296590268612
memory,123,ttft_ms,layer_weight_bytes,0.01250305213034153
memory,123,ttft_ms,prefill_mlp_buffer_bytes,0.007602761499583721
memory,123,dynamic_energy_per_token_mj,n_layer,0.014538254588842392
memory,123,dynamic_energy_per_token_mj,d_model,0.012718059122562408
memory,123,dynamic_energy_per_token_mj,n_h,0.009628468193113804
memory,123,dynamic_energy_per_token_mj,n_kv,0.012896095402538776
memory,123,dynamic_energy_per_token_mj,d_qk,0.009805005975067616
memory,123,dynamic_energy_per_token_mj,d_v,0.007581229787319899
memory,123,dynamic_energy_per_token_mj,d_mlp,0.014096844010055065
memory,123,dynamic_energy_per_token_mj,total_params_M,0.049534931778907776
memory,123,dynamic_energy_per_token_mj,q8_group_size,0.3294735550880432
memory,123,dynamic_energy_per_token_mj,layer_size_kb,0.01315509807318449
memory,123,dynamic_energy_per_token_mj,mlp_ratio,0.011968669481575489
memory,123,dynamic_energy_per_token_mj,kv_ratio,0.010621411725878716
memory,123,dynamic_energy_per_token_mj,kv_bytes_per_token,0.014237266033887863
memory,123,dynamic_energy_per_token_mj,attention_width,0.011843363754451275
memory,123,dynamic_energy_per_token_mj,q8_weight_bytes,0.06642413884401321
memory,123,dynamic_energy_per_token_mj,q8_scale_bytes,0.04886896535754204
memory,123,dynamic_energy_per_token_mj,embedding_fp32_bytes,0.004774447996169329
memory,123,dynamic_energy_per_token_mj,kv_read_unique_bytes,0.01165313832461834
memory,123,dynamic_energy_per_token_mj,kv_read_per_head_bytes,0.01141592301428318
memory,123,dynamic_energy_per_token_mj,kv_write_bytes,0.0
memory,123,dynamic_energy_per_token_mj,kv_allocated_bytes,0.0
memory,123,dynamic_energy_per_token_mj,decode_logical_bytes,0.06287605315446854
memory,123,dynamic_energy_per_token_mj,decode_mac_per_logical_byte,0.02993590198457241
memory,123,dynamic_energy_per_token_mj,prefill_mac_per_weight_byte,0.21291665732860565
memory,123,dynamic_energy_per_token_mj,layer_weight_bytes,0.010420476086437702
memory,123,dynamic_energy_per_token_mj,prefill_mlp_buffer_bytes,0.01861603744328022
memory,2026,tpot_ms,n_layer,0.008549435064196587
memory,2026,tpot_ms,d_model,0.006939791142940521
memory,2026,tpot_ms,n_h,0.006187645252794027
memory,2026,tpot_ms,n_kv,0.008108986541628838
memory,2026,tpot_ms,d_qk,0.005798423197120428
memory,2026,tpot_ms,d_v,0.005368417594581842
memory,2026,tpot_ms,d_mlp,0.009057928808033466
memory,2026,tpot_ms,total_params_M,0.035678889602422714
memory,2026,tpot_ms,q8_group_size,0.5637348890304565
memory,2026,tpot_ms,layer_size_kb,0.007912508212029934
memory,2026,tpot_ms,mlp_ratio,0.0077291131019592285
memory,2026,tpot_ms,kv_ratio,0.005718589294701815
memory,2026,tpot_ms,kv_bytes_per_token,0.007539840880781412
memory,2026,tpot_ms,attention_width,0.004140255972743034
memory,2026,tpot_ms,q8_weight_bytes,0.058898940682411194
memory,2026,tpot_ms,q8_scale_bytes,0.017487430945038795
memory,2026,tpot_ms,embedding_fp32_bytes,0.005021756049245596
memory,2026,tpot_ms,kv_read_unique_bytes,0.007218000944703817
memory,2026,tpot_ms,kv_read_per_head_bytes,0.00805259495973587
memory,2026,tpot_ms,kv_write_bytes,0.008385749533772469
memory,2026,tpot_ms,kv_allocated_bytes,0.0
memory,2026,tpot_ms,decode_logical_bytes,0.0928533747792244
memory,2026,tpot_ms,decode_mac_per_logical_byte,0.06891434639692307
memory,2026,tpot_ms,prefill_mac_per_weight_byte,0.034471295773983
memory,2026,tpot_ms,layer_weight_bytes,0.007263113744556904
memory,2026,tpot_ms,prefill_mlp_buffer_bytes,0.008968732319772243
memory,2026,ttft_ms,n_layer,0.011289133690297604
memory,2026,ttft_ms,d_model,0.04279248043894768
memory,2026,ttft_ms,n_h,0.009809553623199463
memory,2026,ttft_ms,n_kv,0.011207522824406624
memory,2026,ttft_ms,d_qk,0.007607186678797007
memory,2026,ttft_ms,d_v,0.00828662421554327
memory,2026,ttft_ms,d_mlp,0.010590311139822006
memory,2026,ttft_ms,total_params_M,0.011725569143891335
memory,2026,ttft_ms,q8_group_size,0.029218340292572975
memory,2026,ttft_ms,layer_size_kb,0.009710756130516529
memory,2026,ttft_ms,mlp_ratio,0.00927057210355997
memory,2026,ttft_ms,kv_ratio,0.008733668364584446
memory,2026,ttft_ms,kv_bytes_per_token,0.008661382831633091
memory,2026,ttft_ms,attention_width,0.007396464701741934
memory,2026,ttft_ms,q8_weight_bytes,0.17463909089565277
memory,2026,ttft_ms,q8_scale_bytes,0.07865220308303833
memory,2026,ttft_ms,embedding_fp32_bytes,0.033050648868083954
memory,2026,ttft_ms,kv_read_unique_bytes,0.007013320457190275
memory,2026,ttft_ms,kv_read_per_head_bytes,0.009208712726831436
memory,2026,ttft_ms,kv_write_bytes,0.011121860705316067
memory,2026,ttft_ms,kv_allocated_bytes,0.0
memory,2026,ttft_ms,decode_logical_bytes,0.4391971230506897
memory,2026,ttft_ms,decode_mac_per_logical_byte,0.01604520156979561
memory,2026,ttft_ms,prefill_mac_per_weight_byte,0.025277815759181976
memory,2026,ttft_ms,layer_weight_bytes,0.01024128869175911
memory,2026,ttft_ms,prefill_mlp_buffer_bytes,0.00925308745354414
memory,2026,dynamic_energy_per_token_mj,n_layer,0.015236964449286461
memory,2026,dynamic_energy_per_token_mj,d_model,0.011690997518599033
memory,2026,dynamic_energy_per_token_mj,n_h,0.007165373302996159
memory,2026,dynamic_energy_per_token_mj,n_kv,0.01200933288782835
memory,2026,dynamic_energy_per_token_mj,d_qk,0.009771959856152534
memory,2026,dynamic_energy_per_token_mj,d_v,0.010363142937421799
memory,2026,dynamic_energy_per_token_mj,d_mlp,0.013414491899311543
memory,2026,dynamic_energy_per_token_mj,total_params_M,0.05716696009039879
memory,2026,dynamic_energy_per_token_mj,q8_group_size,0.28456607460975647
memory,2026,dynamic_energy_per_token_mj,layer_size_kb,0.012638709507882595
memory,2026,dynamic_energy_per_token_mj,mlp_ratio,0.011896134354174137
memory,2026,dynamic_energy_per_token_mj,kv_ratio,0.011298089288175106
memory,2026,dynamic_energy_per_token_mj,kv_bytes_per_token,0.012087048962712288
memory,2026,dynamic_energy_per_token_mj,attention_width,0.010958791710436344
memory,2026,dynamic_energy_per_token_mj,q8_weight_bytes,0.0659954622387886
memory,2026,dynamic_energy_per_token_mj,q8_scale_bytes,0.060781460255384445
memory,2026,dynamic_energy_per_token_mj,embedding_fp32_bytes,0.010857703164219856
memory,2026,dynamic_energy_per_token_mj,kv_read_unique_bytes,0.011551384814083576
memory,2026,dynamic_energy_per_token_mj,kv_read_per_head_bytes,0.01153887901455164
memory,2026,dynamic_energy_per_token_mj,kv_write_bytes,0.006343157030642033
memory,2026,dynamic_energy_per_token_mj,kv_allocated_bytes,0.0
memory,2026,dynamic_energy_per_token_mj,decode_logical_bytes,0.07244373112916946
memory,2026,dynamic_energy_per_token_mj,decode_mac_per_logical_byte,0.03596844524145126
memory,2026,dynamic_energy_per_token_mj,prefill_mac_per_weight_byte,0.21764178574085236
memory,2026,dynamic_energy_per_token_mj,layer_weight_bytes,0.012740664184093475
memory,2026,dynamic_energy_per_token_mj,prefill_mlp_buffer_bytes,0.013873287476599216
kernel,42,tpot_ms,n_layer,0.025454940274357796
kernel,42,tpot_ms,d_model,0.007651757914572954
kernel,42,tpot_ms,n_h,0.013150050304830074
kernel,42,tpot_ms,n_kv,0.006339547224342823
kernel,42,tpot_ms,d_qk,0.005891024135053158
kernel,42,tpot_ms,d_v,0.006865760311484337
kernel,42,tpot_ms,d_mlp,0.008636555634438992
kernel,42,tpot_ms,total_params_M,0.06828881800174713
kernel,42,tpot_ms,q8_group_size,0.22156190872192383
kernel,42,tpot_ms,layer_size_kb,0.005120286252349615
kernel,42,tpot_ms,mlp_ratio,0.007455002050846815
kernel,42,tpot_ms,kv_ratio,0.007022565696388483
kernel,42,tpot_ms,kv_bytes_per_token,0.008832377381622791
kernel,42,tpot_ms,attention_width,0.01167040504515171
kernel,42,tpot_ms,decode_general_path_mac,0.3345624804496765
kernel,42,tpot_ms,decode_neon16_path_mac,0.16400696337223053
kernel,42,tpot_ms,decode_neon32_path_mac,0.0348188690841198
kernel,42,tpot_ms,quantized_group_count,0.03822106495499611
kernel,42,tpot_ms,omp_region_count,0.01553917583078146
kernel,42,tpot_ms,mac_per_omp_region,0.006691401824355125
kernel,42,tpot_ms,gqa_reuse_factor,0.002219021087512374
kernel,42,ttft_ms,n_layer,0.06043705716729164
kernel,42,ttft_ms,d_model,0.051882240921258926
kernel,42,ttft_ms,n_h,0.019290154799818993
kernel,42,ttft_ms,n_kv,0.012202344834804535
kernel,42,ttft_ms,d_qk,0.003417877946048975
kernel,42,ttft_ms,d_v,0.012633046135306358
kernel,42,ttft_ms,d_mlp,0.035570356994867325
kernel,42,ttft_ms,total_params_M,0.37579071521759033
kernel,42,ttft_ms,q8_group_size,0.006414022296667099
kernel,42,ttft_ms,layer_size_kb,0.021942749619483948
kernel,42,ttft_ms,mlp_ratio,0.017202163115143776
kernel,42,ttft_ms,kv_ratio,0.012217627838253975
kernel,42,ttft_ms,kv_bytes_per_token,0.012516582384705544
kernel,42,ttft_ms,attention_width,0.01835116185247898
kernel,42,ttft_ms,decode_general_path_mac,0.05503954365849495
kernel,42,ttft_ms,decode_neon16_path_mac,0.014128303155303001
kernel,42,ttft_ms,decode_neon32_path_mac,0.012488624081015587
kernel,42,ttft_ms,quantized_group_count,0.19160623848438263
kernel,42,ttft_ms,omp_region_count,0.03881612792611122
kernel,42,ttft_ms,mac_per_omp_region,0.013607125729322433
kernel,42,ttft_ms,gqa_reuse_factor,0.014445868320763111
kernel,42,dynamic_energy_per_token_mj,n_layer,0.04989289119839668
kernel,42,dynamic_energy_per_token_mj,d_model,0.041185516864061356
kernel,42,dynamic_energy_per_token_mj,n_h,0.030032677575945854
kernel,42,dynamic_energy_per_token_mj,n_kv,0.0
kernel,42,dynamic_energy_per_token_mj,d_qk,0.003432951867580414
kernel,42,dynamic_energy_per_token_mj,d_v,0.007205559406429529
kernel,42,dynamic_energy_per_token_mj,d_mlp,0.01038425974547863
kernel,42,dynamic_energy_per_token_mj,total_params_M,0.1559213548898697
kernel,42,dynamic_energy_per_token_mj,q8_group_size,0.11608506739139557
kernel,42,dynamic_energy_per_token_mj,layer_size_kb,0.017427558079361916
kernel,42,dynamic_energy_per_token_mj,mlp_ratio,0.020901717245578766
kernel,42,dynamic_energy_per_token_mj,kv_ratio,0.008409236557781696
kernel,42,dynamic_energy_per_token_mj,kv_bytes_per_token,0.020607396960258484
kernel,42,dynamic_energy_per_token_mj,attention_width,0.01892739348113537
kernel,42,dynamic_energy_per_token_mj,decode_general_path_mac,0.31768888235092163
kernel,42,dynamic_energy_per_token_mj,decode_neon16_path_mac,0.0
kernel,42,dynamic_energy_per_token_mj,decode_neon32_path_mac,0.04270060732960701
kernel,42,dynamic_energy_per_token_mj,quantized_group_count,0.06698066741228104
kernel,42,dynamic_energy_per_token_mj,omp_region_count,0.04354538396000862
kernel,42,dynamic_energy_per_token_mj,mac_per_omp_region,0.028670962899923325
kernel,42,dynamic_energy_per_token_mj,gqa_reuse_factor,0.0
kernel,123,tpot_ms,n_layer,0.026462409645318985
kernel,123,tpot_ms,d_model,0.005960560403764248
kernel,123,tpot_ms,n_h,0.017207380384206772
kernel,123,tpot_ms,n_kv,0.006113649345934391
kernel,123,tpot_ms,d_qk,0.008153874427080154
kernel,123,tpot_ms,d_v,0.00765630416572094
kernel,123,tpot_ms,d_mlp,0.006411892361938953
kernel,123,tpot_ms,total_params_M,0.07999195903539658
kernel,123,tpot_ms,q8_group_size,0.3329390585422516
kernel,123,tpot_ms,layer_size_kb,0.00804625079035759
kernel,123,tpot_ms,mlp_ratio,0.008845583535730839
kernel,123,tpot_ms,kv_ratio,0.006252638529986143
kernel,123,tpot_ms,kv_bytes_per_token,0.012058209627866745
kernel,123,tpot_ms,attention_width,0.014789752662181854
kernel,123,tpot_ms,decode_general_path_mac,0.3590320646762848
kernel,123,tpot_ms,decode_neon16_path_mac,0.0
kernel,123,tpot_ms,decode_neon32_path_mac,0.013321684673428535
kernel,123,tpot_ms,quantized_group_count,0.053692106157541275
kernel,123,tpot_ms,omp_region_count,0.024044344201683998
kernel,123,tpot_ms,mac_per_omp_region,0.00902034342288971
kernel,123,tpot_ms,gqa_reuse_factor,0.0
kernel,123,ttft_ms,n_layer,0.04954772815108299
kernel,123,ttft_ms,d_model,0.046649325639009476
kernel,123,ttft_ms,n_h,0.0217125341296196
kernel,123,ttft_ms,n_kv,0.012547163292765617
kernel,123,ttft_ms,d_qk,0.0027723757084459066
kernel,123,ttft_ms,d_v,0.013767343014478683
kernel,123,ttft_ms,d_mlp,0.011038748547434807
kernel,123,ttft_ms,total_params_M,0.36244773864746094
kernel,123,ttft_ms,q8_group_size,0.019812770187854767
kernel,123,ttft_ms,layer_size_kb,0.023833228275179863
kernel,123,ttft_ms,mlp_ratio,0.016966724768280983
kernel,123,ttft_ms,kv_ratio,0.011054879985749722
kernel,123,ttft_ms,kv_bytes_per_token,0.013838532380759716
kernel,123,ttft_ms,attention_width,0.018624598160386086
kernel,123,ttft_ms,decode_general_path_mac,0.0768803283572197
kernel,123,ttft_ms,decode_neon16_path_mac,0.012583932839334011
kernel,123,ttft_ms,decode_neon32_path_mac,0.00808374397456646
kernel,123,ttft_ms,quantized_group_count,0.2066383957862854
kernel,123,ttft_ms,omp_region_count,0.051473576575517654
kernel,123,ttft_ms,mac_per_omp_region,0.01715742237865925
kernel,123,ttft_ms,gqa_reuse_factor,0.002569021889939904
kernel,123,dynamic_energy_per_token_mj,n_layer,0.05103110149502754
kernel,123,dynamic_energy_per_token_mj,d_model,0.03562101721763611
kernel,123,dynamic_energy_per_token_mj,n_h,0.03188636898994446
kernel,123,dynamic_energy_per_token_mj,n_kv,0.004735799506306648
kernel,123,dynamic_energy_per_token_mj,d_qk,0.005374337546527386
kernel,123,dynamic_energy_per_token_mj,d_v,0.007667678873986006
kernel,123,dynamic_energy_per_token_mj,d_mlp,0.014664124697446823
kernel,123,dynamic_energy_per_token_mj,total_params_M,0.156674325466156
kernel,123,dynamic_energy_per_token_mj,q8_group_size,0.09289660304784775
kernel,123,dynamic_energy_per_token_mj,layer_size_kb,0.027812784537672997
kernel,123,dynamic_energy_per_token_mj,mlp_ratio,0.019078493118286133
kernel,123,dynamic_energy_per_token_mj,kv_ratio,0.010534919798374176
kernel,123,dynamic_energy_per_token_mj,kv_bytes_per_token,0.020223746076226234
kernel,123,dynamic_energy_per_token_mj,attention_width,0.017971403896808624
kernel,123,dynamic_energy_per_token_mj,decode_general_path_mac,0.31014081835746765
kernel,123,dynamic_energy_per_token_mj,decode_neon16_path_mac,0.0
kernel,123,dynamic_energy_per_token_mj,decode_neon32_path_mac,0.04039950668811798
kernel,123,dynamic_energy_per_token_mj,quantized_group_count,0.06314834952354431
kernel,123,dynamic_energy_per_token_mj,omp_region_count,0.04690556600689888
kernel,123,dynamic_energy_per_token_mj,mac_per_omp_region,0.029137883335351944
kernel,123,dynamic_energy_per_token_mj,gqa_reuse_factor,0.014095278456807137
kernel,2026,tpot_ms,n_layer,0.02372271940112114
kernel,2026,tpot_ms,d_model,0.004745848942548037
kernel,2026,tpot_ms,n_h,0.012017623521387577
kernel,2026,tpot_ms,n_kv,0.005078930873423815
kernel,2026,tpot_ms,d_qk,0.0066459388472139835
kernel,2026,tpot_ms,d_v,0.005058858077973127
kernel,2026,tpot_ms,d_mlp,0.009506592527031898
kernel,2026,tpot_ms,total_params_M,0.06952089071273804
kernel,2026,tpot_ms,q8_group_size,0.2773422598838806
kernel,2026,tpot_ms,layer_size_kb,0.007424889598041773
kernel,2026,tpot_ms,mlp_ratio,0.007880422286689281
kernel,2026,tpot_ms,kv_ratio,0.005114885047078133
kernel,2026,tpot_ms,kv_bytes_per_token,0.008689251728355885
kernel,2026,tpot_ms,attention_width,0.013675353489816189
kernel,2026,tpot_ms,decode_general_path_mac,0.26047077775001526
kernel,2026,tpot_ms,decode_neon16_path_mac,0.1527775377035141
kernel,2026,tpot_ms,decode_neon32_path_mac,0.04291130602359772
kernel,2026,tpot_ms,quantized_group_count,0.04076471924781799
kernel,2026,tpot_ms,omp_region_count,0.033261075615882874
kernel,2026,tpot_ms,mac_per_omp_region,0.006726921070367098
kernel,2026,tpot_ms,gqa_reuse_factor,0.006663184612989426
kernel,2026,ttft_ms,n_layer,0.05549809709191322
kernel,2026,ttft_ms,d_model,0.05657130852341652
kernel,2026,ttft_ms,n_h,0.020164716988801956
kernel,2026,ttft_ms,n_kv,0.014496807008981705
kernel,2026,ttft_ms,d_qk,0.007734142243862152
kernel,2026,ttft_ms,d_v,0.011375397443771362
kernel,2026,ttft_ms,d_mlp,0.03346602991223335
kernel,2026,ttft_ms,total_params_M,0.3943226635456085
kernel,2026,ttft_ms,q8_group_size,0.01061578094959259
kernel,2026,ttft_ms,layer_size_kb,0.027270134538412094
kernel,2026,ttft_ms,mlp_ratio,0.01687091588973999
kernel,2026,ttft_ms,kv_ratio,0.008455890230834484
kernel,2026,ttft_ms,kv_bytes_per_token,0.012109385803341866
kernel,2026,ttft_ms,attention_width,0.01908063516020775
kernel,2026,ttft_ms,decode_general_path_mac,0.012102818116545677
kernel,2026,ttft_ms,decode_neon16_path_mac,0.013571299612522125
kernel,2026,ttft_ms,decode_neon32_path_mac,0.007988114841282368
kernel,2026,ttft_ms,quantized_group_count,0.19762003421783447
kernel,2026,ttft_ms,omp_region_count,0.05388198047876358
kernel,2026,ttft_ms,mac_per_omp_region,0.01253826916217804
kernel,2026,ttft_ms,gqa_reuse_factor,0.014265546575188637
kernel,2026,dynamic_energy_per_token_mj,n_layer,0.0433446541428566
kernel,2026,dynamic_energy_per_token_mj,d_model,0.043109189718961716
kernel,2026,dynamic_energy_per_token_mj,n_h,0.029012054204940796
kernel,2026,dynamic_energy_per_token_mj,n_kv,0.006967347580939531
kernel,2026,dynamic_energy_per_token_mj,d_qk,0.007996978238224983
kernel,2026,dynamic_energy_per_token_mj,d_v,0.005057215690612793
kernel,2026,dynamic_energy_per_token_mj,d_mlp,0.011744078248739243
kernel,2026,dynamic_energy_per_token_mj,total_params_M,0.1481262892484665
kernel,2026,dynamic_energy_per_token_mj,q8_group_size,0.17375600337982178
kernel,2026,dynamic_energy_per_token_mj,layer_size_kb,0.021924052387475967
kernel,2026,dynamic_energy_per_token_mj,mlp_ratio,0.01962975040078163
kernel,2026,dynamic_energy_per_token_mj,kv_ratio,0.00870001595467329
kernel,2026,dynamic_energy_per_token_mj,kv_bytes_per_token,0.016849352046847343
kernel,2026,dynamic_energy_per_token_mj,attention_width,0.017713502049446106
kernel,2026,dynamic_energy_per_token_mj,decode_general_path_mac,0.2485194355249405
kernel,2026,dynamic_energy_per_token_mj,decode_neon16_path_mac,0.0019700403790920973
kernel,2026,dynamic_energy_per_token_mj,decode_neon32_path_mac,0.03409542888402939
kernel,2026,dynamic_energy_per_token_mj,quantized_group_count,0.08293534070253372
kernel,2026,dynamic_energy_per_token_mj,omp_region_count,0.06638683378696442
kernel,2026,dynamic_energy_per_token_mj,mac_per_omp_region,0.012162410654127598
kernel,2026,dynamic_energy_per_token_mj,gqa_reuse_factor,0.0
all_physics,42,tpot_ms,n_layer,0.0033035073429346085
all_physics,42,tpot_ms,d_model,0.002890179865062237
all_physics,42,tpot_ms,n_h,0.0027320163790136576
all_physics,42,tpot_ms,n_kv,0.0047076609916985035
all_physics,42,tpot_ms,d_qk,0.0035237004049122334
all_physics,42,tpot_ms,d_v,0.0030537541024386883
all_physics,42,tpot_ms,d_mlp,0.004187432583421469
all_physics,42,tpot_ms,total_params_M,0.010980947874486446
all_physics,42,tpot_ms,q8_group_size,0.3156775236129761
all_physics,42,tpot_ms,layer_size_kb,0.003406594507396221
all_physics,42,tpot_ms,mlp_ratio,0.0038823692593723536
all_physics,42,tpot_ms,kv_ratio,0.0019684077706187963
all_physics,42,tpot_ms,kv_bytes_per_token,0.0037371686194092035
all_physics,42,tpot_ms,attention_width,0.0022851116955280304
all_physics,42,tpot_ms,decode_dense_mac,0.005514359101653099
all_physics,42,tpot_ms,decode_attention_mac,0.005116298794746399
all_physics,42,tpot_ms,decode_total_mac,0.00741557078436017
all_physics,42,tpot_ms,prefill_dense_mac,0.031187381595373154
all_physics,42,tpot_ms,prefill_attention_mac,0.00595213333144784
all_physics,42,tpot_ms,prefill_total_mac,0.09070447087287903
all_physics,42,tpot_ms,sequence_mac,0.023804642260074615
all_physics,42,tpot_ms,mlp_mac_fraction,0.0035694031976163387
all_physics,42,tpot_ms,classifier_mac_fraction,0.014589773491024971
all_physics,42,tpot_ms,attention_projection_mac,0.005602420307695866
all_physics,42,tpot_ms,decode_output_elements,0.03163371980190277
all_physics,42,tpot_ms,q8_weight_bytes,0.017258886247873306
all_physics,42,tpot_ms,q8_scale_bytes,0.008327765390276909
all_physics,42,tpot_ms,embedding_fp32_bytes,0.0
all_physics,42,tpot_ms,kv_read_unique_bytes,0.0032073885668069124
all_physics,42,tpot_ms,kv_read_per_head_bytes,0.0
all_physics,42,tpot_ms,kv_write_bytes,0.0038307413924485445
all_physics,42,tpot_ms,kv_allocated_bytes,0.0
all_physics,42,tpot_ms,decode_logical_bytes,0.032928548753261566
all_physics,42,tpot_ms,decode_mac_per_logical_byte,0.014236105605959892
all_physics,42,tpot_ms,prefill_mac_per_weight_byte,0.008021943271160126
all_physics,42,tpot_ms,layer_weight_bytes,0.002797128865495324
all_physics,42,tpot_ms,prefill_mlp_buffer_bytes,0.00313353817909956
all_physics,42,tpot_ms,decode_general_path_mac,0.28549084067344666
all_physics,42,tpot_ms,decode_neon16_path_mac,0.006178931798785925
all_physics,42,tpot_ms,decode_neon32_path_mac,0.0041902931407094
all_physics,42,tpot_ms,quantized_group_count,0.010764386504888535
all_physics,42,tpot_ms,omp_region_count,0.0024923065211623907
all_physics,42,tpot_ms,mac_per_omp_region,0.003789906157180667
all_physics,42,tpot_ms,gqa_reuse_factor,0.001924663782119751
all_physics,42,ttft_ms,n_layer,0.005582344718277454
all_physics,42,ttft_ms,d_model,0.012849625200033188
all_physics,42,ttft_ms,n_h,0.006089719012379646
all_physics,42,ttft_ms,n_kv,0.006264769472181797
all_physics,42,ttft_ms,d_qk,0.004468683153390884
all_physics,42,ttft_ms,d_v,0.005652362480759621
all_physics,42,ttft_ms,d_mlp,0.006604100577533245
all_physics,42,ttft_ms,total_params_M,0.005549020599573851
all_physics,42,ttft_ms,q8_group_size,0.013847844675183296
all_physics,42,ttft_ms,layer_size_kb,0.005869028624147177
all_physics,42,ttft_ms,mlp_ratio,0.004998542834073305
all_physics,42,ttft_ms,kv_ratio,0.004930043593049049
all_physics,42,ttft_ms,kv_bytes_per_token,0.0052620042115449905
all_physics,42,ttft_ms,attention_width,0.004211168270558119
all_physics,42,ttft_ms,decode_dense_mac,0.005811777897179127
all_physics,42,ttft_ms,decode_attention_mac,0.0047370754182338715
all_physics,42,ttft_ms,decode_total_mac,0.008114216849207878
all_physics,42,ttft_ms,prefill_dense_mac,0.0474306158721447
all_physics,42,ttft_ms,prefill_attention_mac,0.004687322303652763
all_physics,42,ttft_ms,prefill_total_mac,0.055118128657341
all_physics,42,ttft_ms,sequence_mac,0.02342565543949604
all_physics,42,ttft_ms,mlp_mac_fraction,0.007109588477760553
all_physics,42,ttft_ms,classifier_mac_fraction,0.02674078568816185
all_physics,42,ttft_ms,attention_projection_mac,0.006524905562400818
all_physics,42,ttft_ms,decode_output_elements,0.01941283419728279
all_physics,42,ttft_ms,q8_weight_bytes,0.09964821487665176
all_physics,42,ttft_ms,q8_scale_bytes,0.041185542941093445
all_physics,42,ttft_ms,embedding_fp32_bytes,0.05913883075118065
all_physics,42,ttft_ms,kv_read_unique_bytes,0.006375692784786224
all_physics,42,ttft_ms,kv_read_per_head_bytes,0.002539810026064515
all_physics,42,ttft_ms,kv_write_bytes,0.0
all_physics,42,ttft_ms,kv_allocated_bytes,0.0
all_physics,42,ttft_ms,decode_logical_bytes,0.40702658891677856
all_physics,42,ttft_ms,decode_mac_per_logical_byte,0.011853775940835476
all_physics,42,ttft_ms,prefill_mac_per_weight_byte,0.009447094984352589
all_physics,42,ttft_ms,layer_weight_bytes,0.006112936418503523
all_physics,42,ttft_ms,prefill_mlp_buffer_bytes,0.00618257699534297
all_physics,42,ttft_ms,decode_general_path_mac,0.005403826013207436
all_physics,42,ttft_ms,decode_neon16_path_mac,0.0
all_physics,42,ttft_ms,decode_neon32_path_mac,0.006540872156620026
all_physics,42,ttft_ms,quantized_group_count,0.019973600283265114
all_physics,42,ttft_ms,omp_region_count,0.0029758356977254152
all_physics,42,ttft_ms,mac_per_omp_region,0.00868651270866394
all_physics,42,ttft_ms,gqa_reuse_factor,0.0056162201799452305
all_physics,42,dynamic_energy_per_token_mj,n_layer,0.0056891534477472305
all_physics,42,dynamic_energy_per_token_mj,d_model,0.004080250393599272
all_physics,42,dynamic_energy_per_token_mj,n_h,0.0023984014987945557
all_physics,42,dynamic_energy_per_token_mj,n_kv,0.0060002789832651615
all_physics,42,dynamic_energy_per_token_mj,d_qk,0.0033922039438039064
all_physics,42,dynamic_energy_per_token_mj,d_v,0.004540028981864452
all_physics,42,dynamic_energy_per_token_mj,d_mlp,0.007691791746765375
all_physics,42,dynamic_energy_per_token_mj,total_params_M,0.01731613092124462
all_physics,42,dynamic_energy_per_token_mj,q8_group_size,0.11392537504434586
all_physics,42,dynamic_energy_per_token_mj,layer_size_kb,0.007083355914801359
all_physics,42,dynamic_energy_per_token_mj,mlp_ratio,0.005063566379249096
all_physics,42,dynamic_energy_per_token_mj,kv_ratio,0.005156645085662603
all_physics,42,dynamic_energy_per_token_mj,kv_bytes_per_token,0.006434161681681871
all_physics,42,dynamic_energy_per_token_mj,attention_width,0.00399798946455121
all_physics,42,dynamic_energy_per_token_mj,decode_dense_mac,0.006669394206255674
all_physics,42,dynamic_energy_per_token_mj,decode_attention_mac,0.006264267023652792
all_physics,42,dynamic_energy_per_token_mj,decode_total_mac,0.009953552857041359
all_physics,42,dynamic_energy_per_token_mj,prefill_dense_mac,0.028608934953808784
all_physics,42,dynamic_energy_per_token_mj,prefill_attention_mac,0.005404966417700052
all_physics,42,dynamic_energy_per_token_mj,prefill_total_mac,0.09643837064504623
all_physics,42,dynamic_energy_per_token_mj,sequence_mac,0.024457130581140518
all_physics,42,dynamic_energy_per_token_mj,mlp_mac_fraction,0.007838297635316849
all_physics,42,dynamic_energy_per_token_mj,classifier_mac_fraction,0.01699797995388508
all_physics,42,dynamic_energy_per_token_mj,attention_projection_mac,0.009721345268189907
all_physics,42,dynamic_energy_per_token_mj,decode_output_elements,0.02209988608956337
all_physics,42,dynamic_energy_per_token_mj,q8_weight_bytes,0.026867829263210297
all_physics,42,dynamic_energy_per_token_mj,q8_scale_bytes,0.013107459992170334
all_physics,42,dynamic_energy_per_token_mj,embedding_fp32_bytes,0.004656406585127115
all_physics,42,dynamic_energy_per_token_mj,kv_read_unique_bytes,0.007221686188131571
all_physics,42,dynamic_energy_per_token_mj,kv_read_per_head_bytes,0.0
all_physics,42,dynamic_energy_per_token_mj,kv_write_bytes,0.007098723202943802
all_physics,42,dynamic_energy_per_token_mj,kv_allocated_bytes,0.0
all_physics,42,dynamic_energy_per_token_mj,decode_logical_bytes,0.025997130200266838
all_physics,42,dynamic_energy_per_token_mj,decode_mac_per_logical_byte,0.013811076991260052
all_physics,42,dynamic_energy_per_token_mj,prefill_mac_per_weight_byte,0.20163573324680328
all_physics,42,dynamic_energy_per_token_mj,layer_weight_bytes,0.01125691644847393
all_physics,42,dynamic_energy_per_token_mj,prefill_mlp_buffer_bytes,0.006719840690493584
all_physics,42,dynamic_energy_per_token_mj,decode_general_path_mac,0.12155233323574066
all_physics,42,dynamic_energy_per_token_mj,decode_neon16_path_mac,0.004137400072067976
all_physics,42,dynamic_energy_per_token_mj,decode_neon32_path_mac,0.10633093863725662
all_physics,42,dynamic_energy_per_token_mj,quantized_group_count,0.008740718476474285
all_physics,42,dynamic_energy_per_token_mj,omp_region_count,0.005642710253596306
all_physics,42,dynamic_energy_per_token_mj,mac_per_omp_region,0.006605533417314291
all_physics,42,dynamic_energy_per_token_mj,gqa_reuse_factor,0.0013941604411229491
all_physics,123,tpot_ms,n_layer,0.003305320395156741
all_physics,123,tpot_ms,d_model,0.0033237615134567022
all_physics,123,tpot_ms,n_h,0.002476342720910907
all_physics,123,tpot_ms,n_kv,0.004905470181256533
all_physics,123,tpot_ms,d_qk,0.003533524228259921
all_physics,123,tpot_ms,d_v,0.0033101632725447416
all_physics,123,tpot_ms,d_mlp,0.004388844594359398
all_physics,123,tpot_ms,total_params_M,0.01084804441779852
all_physics,123,tpot_ms,q8_group_size,0.290802538394928
all_physics,123,tpot_ms,layer_size_kb,0.00335472053848207
all_physics,123,tpot_ms,mlp_ratio,0.0039732386358082294
all_physics,123,tpot_ms,kv_ratio,0.002892299322411418
all_physics,123,tpot_ms,kv_bytes_per_token,0.0034431426320225
all_physics,123,tpot_ms,attention_width,0.0022365418262779713
all_physics,123,tpot_ms,decode_dense_mac,0.015818867832422256
all_physics,123,tpot_ms,decode_attention_mac,0.004190649837255478
all_physics,123,tpot_ms,decode_total_mac,0.012637030333280563
all_physics,123,tpot_ms,prefill_dense_mac,0.04628804326057434
all_physics,123,tpot_ms,prefill_attention_mac,0.005362255033105612
all_physics,123,tpot_ms,prefill_total_mac,0.060827869921922684
all_physics,123,tpot_ms,sequence_mac,0.01016606017947197
all_physics,123,tpot_ms,mlp_mac_fraction,0.003440051805227995
all_physics,123,tpot_ms,classifier_mac_fraction,0.011273515410721302
all_physics,123,tpot_ms,attention_projection_mac,0.006051631644368172
all_physics,123,tpot_ms,decode_output_elements,0.03530878946185112
all_physics,123,tpot_ms,q8_weight_bytes,0.01511542871594429
all_physics,123,tpot_ms,q8_scale_bytes,0.007961487397551537
all_physics,123,tpot_ms,embedding_fp32_bytes,0.004560228902846575
all_physics,123,tpot_ms,kv_read_unique_bytes,0.005793371703475714
all_physics,123,tpot_ms,kv_read_per_head_bytes,0.0024594031274318695
all_physics,123,tpot_ms,kv_write_bytes,0.0014312019338831306
all_physics,123,tpot_ms,kv_allocated_bytes,0.0
all_physics,123,tpot_ms,decode_logical_bytes,0.035263825207948685
all_physics,123,tpot_ms,decode_mac_per_logical_byte,0.005770346615463495
all_physics,123,tpot_ms,prefill_mac_per_weight_byte,0.009593361988663673
all_physics,123,tpot_ms,layer_weight_bytes,0.004314742051064968
all_physics,123,tpot_ms,prefill_mlp_buffer_bytes,0.0036159164737910032
all_physics,123,tpot_ms,decode_general_path_mac,0.3240707814693451
all_physics,123,tpot_ms,decode_neon16_path_mac,0.0007342895260080695
all_physics,123,tpot_ms,decode_neon32_path_mac,0.004284234251827002
all_physics,123,tpot_ms,quantized_group_count,0.005939450114965439
all_physics,123,tpot_ms,omp_region_count,0.008402857929468155
all_physics,123,tpot_ms,mac_per_omp_region,0.0034444143529981375
all_physics,123,tpot_ms,gqa_reuse_factor,0.003085933392867446
all_physics,123,ttft_ms,n_layer,0.006011846475303173
all_physics,123,ttft_ms,d_model,0.019287850707769394
all_physics,123,ttft_ms,n_h,0.005058630835264921
all_physics,123,ttft_ms,n_kv,0.0067479368299245834
all_physics,123,ttft_ms,d_qk,0.004127937834709883
all_physics,123,ttft_ms,d_v,0.004095691721886396
all_physics,123,ttft_ms,d_mlp,0.006069873925298452
all_physics,123,ttft_ms,total_params_M,0.008316274732351303
all_physics,123,ttft_ms,q8_group_size,0.015149717219173908
all_physics,123,ttft_ms,layer_size_kb,0.00666044931858778
all_physics,123,ttft_ms,mlp_ratio,0.00488802045583725
all_physics,123,ttft_ms,kv_ratio,0.00440454576164484
all_physics,123,ttft_ms,kv_bytes_per_token,0.0059469230473041534
all_physics,123,ttft_ms,attention_width,0.004496458452194929
all_physics,123,ttft_ms,decode_dense_mac,0.006048140581697226
all_physics,123,ttft_ms,decode_attention_mac,0.005894585512578487
all_physics,123,ttft_ms,decode_total_mac,0.011473841033875942
all_physics,123,ttft_ms,prefill_dense_mac,0.03828185051679611
all_physics,123,ttft_ms,prefill_attention_mac,0.004625274334102869
all_physics,123,ttft_ms,prefill_total_mac,0.07326263934373856
all_physics,123,ttft_ms,sequence_mac,0.009825563989579678
all_physics,123,ttft_ms,mlp_mac_fraction,0.008242346346378326
all_physics,123,ttft_ms,classifier_mac_fraction,0.02379031479358673
all_physics,123,ttft_ms,attention_projection_mac,0.006641753017902374
all_physics,123,ttft_ms,decode_output_elements,0.021115390583872795
all_physics,123,ttft_ms,q8_weight_bytes,0.12764431536197662
all_physics,123,ttft_ms,q8_scale_bytes,0.03919035196304321
all_physics,123,ttft_ms,embedding_fp32_bytes,0.009062917903065681
all_physics,123,ttft_ms,kv_read_unique_bytes,0.005144672468304634
all_physics,123,ttft_ms,kv_read_per_head_bytes,0.002311927732080221
all_physics,123,ttft_ms,kv_write_bytes,0.006617219187319279
all_physics,123,ttft_ms,kv_allocated_bytes,0.0
all_physics,123,ttft_ms,decode_logical_bytes,0.41718268394470215
all_physics,123,ttft_ms,decode_mac_per_logical_byte,0.012530912645161152
all_physics,123,ttft_ms,prefill_mac_per_weight_byte,0.010143080726265907
all_physics,123,ttft_ms,layer_weight_bytes,0.003847613697871566
all_physics,123,ttft_ms,prefill_mlp_buffer_bytes,0.00570191815495491
all_physics,123,ttft_ms,decode_general_path_mac,0.005404391326010227
all_physics,123,ttft_ms,decode_neon16_path_mac,0.0
all_physics,123,ttft_ms,decode_neon32_path_mac,0.006009540054947138
all_physics,123,ttft_ms,quantized_group_count,0.022597605362534523
all_physics,123,ttft_ms,omp_region_count,0.0041349721141159534
all_physics,123,ttft_ms,mac_per_omp_region,0.00784614123404026
all_physics,123,ttft_ms,gqa_reuse_factor,0.004165894817560911
all_physics,123,dynamic_energy_per_token_mj,n_layer,0.0070924521423876286
all_physics,123,dynamic_energy_per_token_mj,d_model,0.005184936802834272
all_physics,123,dynamic_energy_per_token_mj,n_h,0.003003271296620369
all_physics,123,dynamic_energy_per_token_mj,n_kv,0.005486795678734779
all_physics,123,dynamic_energy_per_token_mj,d_qk,0.0026611671783030033
all_physics,123,dynamic_energy_per_token_mj,d_v,0.004024853929877281
all_physics,123,dynamic_energy_per_token_mj,d_mlp,0.006702146027237177
all_physics,123,dynamic_energy_per_token_mj,total_params_M,0.012992102652788162
all_physics,123,dynamic_energy_per_token_mj,q8_group_size,0.1751679927110672
all_physics,123,dynamic_energy_per_token_mj,layer_size_kb,0.00614867452532053
all_physics,123,dynamic_energy_per_token_mj,mlp_ratio,0.004736427683383226
all_physics,123,dynamic_energy_per_token_mj,kv_ratio,0.00400199368596077
all_physics,123,dynamic_energy_per_token_mj,kv_bytes_per_token,0.005150341894477606
all_physics,123,dynamic_energy_per_token_mj,attention_width,0.00397254666313529
all_physics,123,dynamic_energy_per_token_mj,decode_dense_mac,0.02193257212638855
all_physics,123,dynamic_energy_per_token_mj,decode_attention_mac,0.00519635621458292
all_physics,123,dynamic_energy_per_token_mj,decode_total_mac,0.00972665473818779
all_physics,123,dynamic_energy_per_token_mj,prefill_dense_mac,0.03389735147356987
all_physics,123,dynamic_energy_per_token_mj,prefill_attention_mac,0.009393990971148014
all_physics,123,dynamic_energy_per_token_mj,prefill_total_mac,0.08475368469953537
all_physics,123,dynamic_energy_per_token_mj,sequence_mac,0.019868217408657074
all_physics,123,dynamic_energy_per_token_mj,mlp_mac_fraction,0.007305508013814688
all_physics,123,dynamic_energy_per_token_mj,classifier_mac_fraction,0.035203900188207626
all_physics,123,dynamic_energy_per_token_mj,attention_projection_mac,0.010302485898137093
all_physics,123,dynamic_energy_per_token_mj,decode_output_elements,0.027555396780371666
all_physics,123,dynamic_energy_per_token_mj,q8_weight_bytes,0.02924441359937191
all_physics,123,dynamic_energy_per_token_mj,q8_scale_bytes,0.019472762942314148
all_physics,123,dynamic_energy_per_token_mj,embedding_fp32_bytes,0.002116909483447671
all_physics,123,dynamic_energy_per_token_mj,kv_read_unique_bytes,0.004983979742974043
all_physics,123,dynamic_energy_per_token_mj,kv_read_per_head_bytes,0.0008514623623341322
all_physics,123,dynamic_energy_per_token_mj,kv_write_bytes,0.005672988947480917
all_physics,123,dynamic_energy_per_token_mj,kv_allocated_bytes,0.0
all_physics,123,dynamic_energy_per_token_mj,decode_logical_bytes,0.015241088345646858
all_physics,123,dynamic_energy_per_token_mj,decode_mac_per_logical_byte,0.010967695154249668
all_physics,123,dynamic_energy_per_token_mj,prefill_mac_per_weight_byte,0.16137085855007172
all_physics,123,dynamic_energy_per_token_mj,layer_weight_bytes,0.005858663935214281
all_physics,123,dynamic_energy_per_token_mj,prefill_mlp_buffer_bytes,0.00573236308991909
all_physics,123,dynamic_energy_per_token_mj,decode_general_path_mac,0.12372037768363953
all_physics,123,dynamic_energy_per_token_mj,decode_neon16_path_mac,0.0
all_physics,123,dynamic_energy_per_token_mj,decode_neon32_path_mac,0.07447553426027298
all_physics,123,dynamic_energy_per_token_mj,quantized_group_count,0.0102749764919281
all_physics,123,dynamic_energy_per_token_mj,omp_region_count,0.005302866455167532
all_physics,123,dynamic_energy_per_token_mj,mac_per_omp_region,0.005527417175471783
all_physics,123,dynamic_energy_per_token_mj,gqa_reuse_factor,0.007723827846348286
all_physics,2026,tpot_ms,n_layer,0.0032274373807013035
all_physics,2026,tpot_ms,d_model,0.004079568665474653
all_physics,2026,tpot_ms,n_h,0.0036690416745841503
all_physics,2026,tpot_ms,n_kv,0.004443812649697065
all_physics,2026,tpot_ms,d_qk,0.0024002937134355307
all_physics,2026,tpot_ms,d_v,0.0028505418449640274
all_physics,2026,tpot_ms,d_mlp,0.0045945895835757256
all_physics,2026,tpot_ms,total_params_M,0.010688289068639278
all_physics,2026,tpot_ms,q8_group_size,0.2691660225391388
all_physics,2026,tpot_ms,layer_size_kb,0.0036709115374833345
all_physics,2026,tpot_ms,mlp_ratio,0.0035617859102785587
all_physics,2026,tpot_ms,kv_ratio,0.0030786581337451935
all_physics,2026,tpot_ms,kv_bytes_per_token,0.003281552577391267
all_physics,2026,tpot_ms,attention_width,0.0024078076239675283
all_physics,2026,tpot_ms,decode_dense_mac,0.009337538853287697
all_physics,2026,tpot_ms,decode_attention_mac,0.0051693394780159
all_physics,2026,tpot_ms,decode_total_mac,0.017376933246850967
all_physics,2026,tpot_ms,prefill_dense_mac,0.03191833943128586
all_physics,2026,tpot_ms,prefill_attention_mac,0.005392035003751516
all_physics,2026,tpot_ms,prefill_total_mac,0.10553756356239319
all_physics,2026,tpot_ms,sequence_mac,0.013894783332943916
all_physics,2026,tpot_ms,mlp_mac_fraction,0.003529439214617014
all_physics,2026,tpot_ms,classifier_mac_fraction,0.015877332538366318
all_physics,2026,tpot_ms,attention_projection_mac,0.005427652969956398
all_physics,2026,tpot_ms,decode_output_elements,0.027659960091114044
all_physics,2026,tpot_ms,q8_weight_bytes,0.020822366699576378
all_physics,2026,tpot_ms,q8_scale_bytes,0.008280616253614426
all_physics,2026,tpot_ms,embedding_fp32_bytes,0.0031829457730054855
all_physics,2026,tpot_ms,kv_read_unique_bytes,0.005257215350866318
all_physics,2026,tpot_ms,kv_read_per_head_bytes,0.0
all_physics,2026,tpot_ms,kv_write_bytes,0.005485542584210634
all_physics,2026,tpot_ms,kv_allocated_bytes,0.0
all_physics,2026,tpot_ms,decode_logical_bytes,0.026427600532770157
all_physics,2026,tpot_ms,decode_mac_per_logical_byte,0.007195357233285904
all_physics,2026,tpot_ms,prefill_mac_per_weight_byte,0.011870001442730427
all_physics,2026,tpot_ms,layer_weight_bytes,0.004445166792720556
all_physics,2026,tpot_ms,prefill_mlp_buffer_bytes,0.0028746253810822964
all_physics,2026,tpot_ms,decode_general_path_mac,0.3215442895889282
all_physics,2026,tpot_ms,decode_neon16_path_mac,0.0
all_physics,2026,tpot_ms,decode_neon32_path_mac,0.004258259665220976
all_physics,2026,tpot_ms,quantized_group_count,0.0068537406623363495
all_physics,2026,tpot_ms,omp_region_count,0.0022657131776213646
all_physics,2026,tpot_ms,mac_per_omp_region,0.0035548678133636713
all_physics,2026,tpot_ms,gqa_reuse_factor,0.0034403882455080748
all_physics,2026,ttft_ms,n_layer,0.0052729942835867405
all_physics,2026,ttft_ms,d_model,0.013906282372772694
all_physics,2026,ttft_ms,n_h,0.005902691278606653
all_physics,2026,ttft_ms,n_kv,0.006851591169834137
all_physics,2026,ttft_ms,d_qk,0.003264784114435315
all_physics,2026,ttft_ms,d_v,0.004507625941187143
all_physics,2026,ttft_ms,d_mlp,0.005209675524383783
all_physics,2026,ttft_ms,total_params_M,0.0049372268840670586
all_physics,2026,ttft_ms,q8_group_size,0.006511199753731489
all_physics,2026,ttft_ms,layer_size_kb,0.005070878192782402
all_physics,2026,ttft_ms,mlp_ratio,0.004208504222333431
all_physics,2026,ttft_ms,kv_ratio,0.003978848457336426
all_physics,2026,ttft_ms,kv_bytes_per_token,0.005432172678411007
all_physics,2026,ttft_ms,attention_width,0.00290378974750638
all_physics,2026,ttft_ms,decode_dense_mac,0.005697441753000021
all_physics,2026,ttft_ms,decode_attention_mac,0.004035424906760454
all_physics,2026,ttft_ms,decode_total_mac,0.016669955104589462
all_physics,2026,ttft_ms,prefill_dense_mac,0.03597681224346161
all_physics,2026,ttft_ms,prefill_attention_mac,0.003410069504752755
all_physics,2026,ttft_ms,prefill_total_mac,0.0475793182849884
all_physics,2026,ttft_ms,sequence_mac,0.008192519657313824
all_physics,2026,ttft_ms,mlp_mac_fraction,0.006328164599835873
all_physics,2026,ttft_ms,classifier_mac_fraction,0.022371971979737282
all_physics,2026,ttft_ms,attention_projection_mac,0.006572393700480461
all_physics,2026,ttft_ms,decode_output_elements,0.017116185277700424
all_physics,2026,ttft_ms,q8_weight_bytes,0.1639278680086136
all_physics,2026,ttft_ms,q8_scale_bytes,0.044179532676935196
all_physics,2026,ttft_ms,embedding_fp32_bytes,0.04052932187914848
all_physics,2026,ttft_ms,kv_read_unique_bytes,0.0049400306306779385
all_physics,2026,ttft_ms,kv_read_per_head_bytes,0.0
all_physics,2026,ttft_ms,kv_write_bytes,0.0
all_physics,2026,ttft_ms,kv_allocated_bytes,0.0
all_physics,2026,ttft_ms,decode_logical_bytes,0.39523059129714966
all_physics,2026,ttft_ms,decode_mac_per_logical_byte,0.01186026819050312
all_physics,2026,ttft_ms,prefill_mac_per_weight_byte,0.009331366047263145
all_physics,2026,ttft_ms,layer_weight_bytes,0.0062141455709934235
all_physics,2026,ttft_ms,prefill_mlp_buffer_bytes,0.007709444500505924
all_physics,2026,ttft_ms,decode_general_path_mac,0.003693590871989727
all_physics,2026,ttft_ms,decode_neon16_path_mac,0.0
all_physics,2026,ttft_ms,decode_neon32_path_mac,0.004515273030847311
all_physics,2026,ttft_ms,quantized_group_count,0.03919238969683647
all_physics,2026,ttft_ms,omp_region_count,0.005778691731393337
all_physics,2026,ttft_ms,mac_per_omp_region,0.006826608441770077
all_physics,2026,ttft_ms,gqa_reuse_factor,0.004162308759987354
all_physics,2026,dynamic_energy_per_token_mj,n_layer,0.005675553344190121
all_physics,2026,dynamic_energy_per_token_mj,d_model,0.00520799495279789
all_physics,2026,dynamic_energy_per_token_mj,n_h,0.0023302927147597075
all_physics,2026,dynamic_energy_per_token_mj,n_kv,0.006053724326193333
all_physics,2026,dynamic_energy_per_token_mj,d_qk,0.004183224402368069
all_physics,2026,dynamic_energy_per_token_mj,d_v,0.004485040437430143
all_physics,2026,dynamic_energy_per_token_mj,d_mlp,0.007637012749910355
all_physics,2026,dynamic_energy_per_token_mj,total_params_M,0.013013498857617378
all_physics,2026,dynamic_energy_per_token_mj,q8_group_size,0.07083256542682648
all_physics,2026,dynamic_energy_per_token_mj,layer_size_kb,0.006209229119122028
all_physics,2026,dynamic_energy_per_token_mj,mlp_ratio,0.004956597927957773
all_physics,2026,dynamic_energy_per_token_mj,kv_ratio,0.004630058538168669
all_physics,2026,dynamic_energy_per_token_mj,kv_bytes_per_token,0.006027969531714916
all_physics,2026,dynamic_energy_per_token_mj,attention_width,0.0038810940459370613
all_physics,2026,dynamic_energy_per_token_mj,decode_dense_mac,0.00815848633646965
all_physics,2026,dynamic_energy_per_token_mj,decode_attention_mac,0.005706454161554575
all_physics,2026,dynamic_energy_per_token_mj,decode_total_mac,0.010309979319572449
all_physics,2026,dynamic_energy_per_token_mj,prefill_dense_mac,0.04233231768012047
all_physics,2026,dynamic_energy_per_token_mj,prefill_attention_mac,0.009029800072312355
all_physics,2026,dynamic_energy_per_token_mj,prefill_total_mac,0.08144649863243103
all_physics,2026,dynamic_energy_per_token_mj,sequence_mac,0.034559592604637146
all_physics,2026,dynamic_energy_per_token_mj,mlp_mac_fraction,0.007266237400472164
all_physics,2026,dynamic_energy_per_token_mj,classifier_mac_fraction,0.022440968081355095
all_physics,2026,dynamic_energy_per_token_mj,attention_projection_mac,0.009782866574823856
all_physics,2026,dynamic_energy_per_token_mj,decode_output_elements,0.03057556413114071
all_physics,2026,dynamic_energy_per_token_mj,q8_weight_bytes,0.01983056031167507
all_physics,2026,dynamic_energy_per_token_mj,q8_scale_bytes,0.013455965556204319
all_physics,2026,dynamic_energy_per_token_mj,embedding_fp32_bytes,0.0063252574764192104
all_physics,2026,dynamic_energy_per_token_mj,kv_read_unique_bytes,0.005277006886899471
all_physics,2026,dynamic_energy_per_token_mj,kv_read_per_head_bytes,0.0
all_physics,2026,dynamic_energy_per_token_mj,kv_write_bytes,0.026912275701761246
all_physics,2026,dynamic_energy_per_token_mj,kv_allocated_bytes,0.0
all_physics,2026,dynamic_energy_per_token_mj,decode_logical_bytes,0.026306580752134323
all_physics,2026,dynamic_energy_per_token_mj,decode_mac_per_logical_byte,0.01311084907501936
all_physics,2026,dynamic_energy_per_token_mj,prefill_mac_per_weight_byte,0.1832568198442459
all_physics,2026,dynamic_energy_per_token_mj,layer_weight_bytes,0.009195619262754917
all_physics,2026,dynamic_energy_per_token_mj,prefill_mlp_buffer_bytes,0.01107931137084961
all_physics,2026,dynamic_energy_per_token_mj,decode_general_path_mac,0.1464843600988388
all_physics,2026,dynamic_energy_per_token_mj,decode_neon16_path_mac,0.0
all_physics,2026,dynamic_energy_per_token_mj,decode_neon32_path_mac,0.10881628841161728
all_physics,2026,dynamic_energy_per_token_mj,quantized_group_count,0.00859170313924551
all_physics,2026,dynamic_energy_per_token_mj,omp_region_count,0.008361502550542355
all_physics,2026,dynamic_energy_per_token_mj,mac_per_omp_region,0.0062633599154651165
all_physics,2026,dynamic_energy_per_token_mj,gqa_reuse_factor,0.0
