model,target,mape_improvement_pp,ci95_lower,ci95_upper
base_xgboost,decode_tok_s,-0.06429137007326066,-0.7837550691631333,0.6622793747271786
base_xgboost,ttft_ms,0.273540027761201,-0.44483437983998514,0.9685824299321159
base_xgboost,dynamic_energy_per_token_mj,-0.4056690916136216,-1.53721668285178,0.7573882253844013
grouped_transformer,decode_tok_s,-1.322501236195199,-2.589855706111778,-0.021520777278598052
grouped_transformer,ttft_ms,0.053513526509017396,-0.8543011378049952,0.9938431184007211
grouped_transformer,dynamic_energy_per_token_mj,-0.6131432909389211,-2.254212913212782,1.00776009584834
stacked_ensemble,decode_tok_s,-0.26290149183012856,-1.0734172502770578,0.547334745068654
stacked_ensemble,ttft_ms,0.46424593273390985,-0.25556495857351985,1.195199029631323
stacked_ensemble,dynamic_energy_per_token_mj,-0.564647425043973,-1.791039995550345,0.714933453129141
