seed,target,intercept,xgboost,extratrees,randomforest,residual_mlp
42,decode_tok_s,-0.08968427387681244,0.6591504023431233,0.3110629969548884,0.00957923240806524,0.05086887170319339
42,ttft_ms,-0.04185493142584651,0.5461312035564241,0.2829597057137257,0.0,0.17689680988735704
42,dynamic_energy_per_token_mj,-0.07256831450589152,0.5807428478789882,0.2175254701958541,0.0,0.22594170168009614
123,decode_tok_s,-0.019211667155865975,0.1991352413523559,0.1726184663174365,0.4532239168156683,0.18170262671747806
123,ttft_ms,-0.05588057470009833,0.43831099912478916,0.3109696912821577,0.0,0.25890942919658266
123,dynamic_energy_per_token_mj,-0.08580144054609207,0.43357777841540773,0.30266026569406895,0.19166857724240297,0.09994727249965063
2026,decode_tok_s,-0.07009107203763865,0.505326130530235,0.11749728189953086,0.24155639910880497,0.15727511946920308
2026,ttft_ms,-0.030304827738079076,0.5080866961326349,0.1852084982592221,0.0,0.3117478218997082
2026,dynamic_energy_per_token_mj,-0.020505555981694457,0.5125602584671635,0.06478384667127694,0.12491067602993737,0.30927907669173893
