variant,target,mae,mape,r2,spearman
baseline,tpot_ms,12.983588854471842,23.385781049728394,0.7801535924275717,0.8170845960196115
baseline,ttft_ms,200.4817148844401,19.71137374639511,0.7406833171844482,0.8666592921002723
baseline,dynamic_energy_per_token_mj,6.271079063415527,28.067090113957722,0.7612257997194926,0.8595773577000109
optimized,tpot_ms,12.780595461527506,23.342710236708324,0.7551178534825643,0.8020775192250417
optimized,ttft_ms,206.94638061523438,20.19478480021159,0.7085660894711813,0.8652545096090093
optimized,dynamic_energy_per_token_mj,6.500321388244629,29.285916686058044,0.7552733421325684,0.8519561658731868
start_temperature_only,tpot_ms,5.590060234069824,10.06243328253428,0.9356049299240112,0.9351791400577262
start_temperature_only,ttft_ms,86.68398539225261,8.53846495350202,0.9122147758801779,0.9520521277712387
start_temperature_only,dynamic_energy_per_token_mj,3.902813673019409,19.430076082547505,0.8645252188046774,0.9112737723501176
