model,split_seed,training_seed,n_train,partition,target,mape,mae,log_rmse,r2,spearman
transformer,20260909,42,120,train,tpot_ms,18.656054139137268,11.134051322937012,0.24750728905200958,0.7904172539710999,0.884251976711966
transformer,20260909,42,120,train,ttft_ms,20.40703594684601,190.89215087890625,0.23973074555397034,0.7515258193016052,0.8835605497855261
transformer,20260909,42,120,train,dynamic_energy_per_token_mj,27.015534043312073,6.065338134765625,0.33996787667274475,0.7816261053085327,0.9008750607681087
transformer,20260909,42,120,test,tpot_ms,24.725626409053802,14.404855728149414,0.3222905695438385,0.6779558658599854,0.8118927841635122
transformer,20260909,42,120,test,ttft_ms,22.94580638408661,235.57266235351562,0.2856222093105316,0.5713945627212524,0.8186354165161572
transformer,20260909,42,120,test,dynamic_energy_per_token_mj,30.96832036972046,7.30117130279541,0.46072909235954285,0.6599351167678833,0.8336647360427084
xgboost,20260909,42,120,train,tpot_ms,16.686438024044037,9.357242584228516,0.184956893324852,0.868035614490509,0.9235083113754942
xgboost,20260909,42,120,train,ttft_ms,13.599500060081482,133.58786010742188,0.15400202572345734,0.8804975152015686,0.9537950815917329
xgboost,20260909,42,120,train,dynamic_energy_per_token_mj,16.127999126911163,3.645512819290161,0.20468689501285553,0.90741366147995,0.9585318424890616
xgboost,20260909,42,120,test,tpot_ms,23.979732394218445,13.539924621582031,0.26674988865852356,0.739187479019165,0.8084794173105425
xgboost,20260909,42,120,test,ttft_ms,22.470632195472717,229.22976684570312,0.26753196120262146,0.6132668852806091,0.8138404336394008
xgboost,20260909,42,120,test,dynamic_energy_per_token_mj,28.71500253677368,6.493462562561035,0.3703683018684387,0.723605751991272,0.8460395118718022
transformer,20260909,42,240,train,tpot_ms,20.326095819473267,11.85342025756836,0.2342209368944168,0.7881473302841187,0.8768969012002219
transformer,20260909,42,240,train,ttft_ms,16.969677805900574,164.62774658203125,0.19262132048606873,0.8224330544471741,0.9146285541509844
transformer,20260909,42,240,train,dynamic_energy_per_token_mj,27.635201811790466,5.960751533508301,0.35489732027053833,0.7915014624595642,0.8727764370909216
transformer,20260909,42,240,test,tpot_ms,24.823546409606934,14.778132438659668,0.27435994148254395,0.6440252065658569,0.8261106310153654
transformer,20260909,42,240,test,ttft_ms,20.083999633789062,202.4355010986328,0.23206837475299835,0.7190216779708862,0.8575416005547718
transformer,20260909,42,240,test,dynamic_energy_per_token_mj,30.763688683509827,7.504477500915527,0.3856172561645508,0.6387810707092285,0.8432708995913001
xgboost,20260909,42,240,train,tpot_ms,18.172742426395416,10.027365684509277,0.20110489428043365,0.8567026853561401,0.8979157357508344
xgboost,20260909,42,240,train,ttft_ms,15.22979736328125,148.21127319335938,0.1673431545495987,0.8635057806968689,0.9341721539931106
xgboost,20260909,42,240,train,dynamic_energy_per_token_mj,21.72149121761322,4.476531505584717,0.27013880014419556,0.8840129375457764,0.9258303095539849
xgboost,20260909,42,240,test,tpot_ms,23.96078258752823,13.583610534667969,0.26250922679901123,0.7377857565879822,0.8148248482300708
xgboost,20260909,42,240,test,ttft_ms,21.08783721923828,212.63394165039062,0.23858097195625305,0.7020717859268188,0.848236082938016
xgboost,20260909,42,240,test,dynamic_energy_per_token_mj,29.776668548583984,6.5591912269592285,0.35302895307540894,0.7359033823013306,0.8508561387159633
transformer,20260909,42,360,train,tpot_ms,21.020719408988953,11.650724411010742,0.2339743673801422,0.8247994780540466,0.8673764772296078
transformer,20260909,42,360,train,ttft_ms,17.99953728914261,164.35594177246094,0.1961410492658615,0.8184528946876526,0.9087276548187727
transformer,20260909,42,360,train,dynamic_energy_per_token_mj,27.573361992836,5.770260810852051,0.33603736758232117,0.8215481638908386,0.8796902290713571
transformer,20260909,42,360,test,tpot_ms,24.276770651340485,13.989060401916504,0.2600594460964203,0.6935855746269226,0.8293849347743251
transformer,20260909,42,360,test,ttft_ms,19.822949171066284,191.79388427734375,0.2190752476453781,0.7410984635353088,0.8739339403215809
transformer,20260909,42,360,test,dynamic_energy_per_token_mj,30.243030190467834,7.227580547332764,0.35866057872772217,0.6470068693161011,0.8530323799410157
xgboost,20260909,42,360,train,tpot_ms,19.929414987564087,10.896552085876465,0.21413153409957886,0.8635712265968323,0.8839869062522717
xgboost,20260909,42,360,train,ttft_ms,15.770833194255829,149.36532592773438,0.17232505977153778,0.8551162481307983,0.92760747747134
xgboost,20260909,42,360,train,dynamic_energy_per_token_mj,22.970466315746307,4.813113212585449,0.27948951721191406,0.8734515905380249,0.9161586198040783
xgboost,20260909,42,360,test,tpot_ms,23.51413518190384,13.162345886230469,0.2535829544067383,0.7675524950027466,0.819676705399649
xgboost,20260909,42,360,test,ttft_ms,20.613771677017212,207.599609375,0.22899118065834045,0.7154109477996826,0.8524973869296192
xgboost,20260909,42,360,test,dynamic_energy_per_token_mj,29.158902168273926,6.435056209564209,0.3413259983062744,0.7554817199707031,0.8541159855302533
transformer,20260909,42,480,train,tpot_ms,20.857591927051544,11.58741283416748,0.2351972907781601,0.8324103355407715,0.8722747397574607
transformer,20260909,42,480,train,ttft_ms,18.39050203561783,167.82188415527344,0.19422654807567596,0.8153330087661743,0.9138958400873152
transformer,20260909,42,480,train,dynamic_energy_per_token_mj,31.25443458557129,5.884857177734375,0.3604734539985657,0.8110395669937134,0.8843951385529872
transformer,20260909,42,480,test,tpot_ms,24.983137845993042,14.494288444519043,0.27018627524375916,0.6475017070770264,0.82387478542596
transformer,20260909,42,480,test,ttft_ms,20.23538202047348,196.19444274902344,0.21992729604244232,0.7422183156013489,0.8693701279940619
transformer,20260909,42,480,test,dynamic_energy_per_token_mj,30.872774124145508,7.466123104095459,0.36462244391441345,0.605131983757019,0.8513473732497511
xgboost,20260909,42,480,train,tpot_ms,21.33098989725113,11.884289741516113,0.23123504221439362,0.8336350917816162,0.876316608350383
xgboost,20260909,42,480,train,ttft_ms,16.79999530315399,159.15176391601562,0.18402372300624847,0.8304961323738098,0.920204032391003
xgboost,20260909,42,480,train,dynamic_energy_per_token_mj,29.723569750785828,5.653509616851807,0.3460676074028015,0.8124755024909973,0.8951950389754604
xgboost,20260909,42,480,test,tpot_ms,23.675720393657684,13.309271812438965,0.2559095323085785,0.7669187188148499,0.8138342806652574
xgboost,20260909,42,480,test,ttft_ms,20.447272062301636,209.38438415527344,0.23112547397613525,0.694761335849762,0.8513306980639376
xgboost,20260909,42,480,test,dynamic_energy_per_token_mj,29.118525981903076,6.564207553863525,0.3457931578159332,0.739427924156189,0.8552646074548451
transformer,20260909,42,598,train,tpot_ms,21.612033247947693,11.979670524597168,0.23470807075500488,0.8213698267936707,0.8691084699969307
transformer,20260909,42,598,train,ttft_ms,18.48740577697754,167.95559692382812,0.1959204524755478,0.8051369190216064,0.9098615709234302
transformer,20260909,42,598,train,dynamic_energy_per_token_mj,31.006869673728943,5.878474712371826,0.3520922362804413,0.8170584440231323,0.8892798295765211
transformer,20260909,42,598,test,tpot_ms,24.754974246025085,14.12612247467041,0.26053839921951294,0.6893841028213501,0.8293614565896221
transformer,20260909,42,598,test,ttft_ms,19.98191624879837,192.98390197753906,0.2154688686132431,0.7486840486526489,0.8795614983795743
transformer,20260909,42,598,test,dynamic_energy_per_token_mj,30.57681918144226,7.121679306030273,0.35483548045158386,0.6508963108062744,0.8543146465549469
xgboost,20260909,42,598,train,tpot_ms,20.79688161611557,11.595026016235352,0.22409123182296753,0.844605028629303,0.8760239790365913
xgboost,20260909,42,598,train,ttft_ms,17.25652366876602,162.7264862060547,0.18607045710086823,0.8243369460105896,0.9144596270101992
xgboost,20260909,42,598,train,dynamic_energy_per_token_mj,29.467326402664185,5.626336574554443,0.3435812294483185,0.8174124956130981,0.8930499374507187
xgboost,20260909,42,598,test,tpot_ms,23.23651760816574,12.869538307189941,0.24848470091819763,0.7846245169639587,0.8209548311148545
xgboost,20260909,42,598,test,ttft_ms,19.865494966506958,202.13340759277344,0.21937155723571777,0.7314163446426392,0.8625596268911436
xgboost,20260909,42,598,test,dynamic_energy_per_token_mj,28.169730305671692,6.316998481750488,0.3362136781215668,0.7567893862724304,0.8605363486464863
transformer,20260909,123,120,train,tpot_ms,18.975751101970673,11.814530372619629,0.23934778571128845,0.7798990607261658,0.8816287270461357
transformer,20260909,123,120,train,ttft_ms,16.751912236213684,149.67628479003906,0.19494718313217163,0.8485313653945923,0.9231121822028451
transformer,20260909,123,120,train,dynamic_energy_per_token_mj,23.054708540439606,5.146303176879883,0.3057645261287689,0.8282204270362854,0.9111535523300227
transformer,20260909,123,120,test,tpot_ms,24.640566110610962,13.893952369689941,0.2854204773902893,0.7087090015411377,0.8038740810803455
transformer,20260909,123,120,test,ttft_ms,22.233058512210846,215.3837127685547,0.2537306249141693,0.6561555862426758,0.8350530405617891
transformer,20260909,123,120,test,dynamic_energy_per_token_mj,32.97816812992096,7.114011287689209,0.4001033902168274,0.6777381896972656,0.8255738143097342
xgboost,20260909,123,120,train,tpot_ms,18.725186586380005,10.697710990905762,0.2107926905155182,0.8473705053329468,0.8974006830360824
xgboost,20260909,123,120,train,ttft_ms,9.905631840229034,96.47142028808594,0.11884590238332748,0.9304012060165405,0.9685045385644951
xgboost,20260909,123,120,train,dynamic_energy_per_token_mj,22.595347464084625,4.956157207489014,0.27204808592796326,0.85915607213974,0.9260087506076811
xgboost,20260909,123,120,test,tpot_ms,24.11782294511795,13.309854507446289,0.25849828124046326,0.7462865114212036,0.8135685969979224
xgboost,20260909,123,120,test,ttft_ms,20.46431452035904,204.49771118164062,0.2400943636894226,0.6954167485237122,0.8367218029640953
xgboost,20260909,123,120,test,dynamic_energy_per_token_mj,31.889072060585022,6.6473493576049805,0.36496660113334656,0.7217589616775513,0.8324745759038624
transformer,20260909,123,240,train,tpot_ms,19.861699640750885,11.2481689453125,0.23138199746608734,0.8182349801063538,0.8623095040797942
transformer,20260909,123,240,train,ttft_ms,17.101004719734192,159.33775329589844,0.1939077377319336,0.8185514211654663,0.9075602167435807
transformer,20260909,123,240,train,dynamic_energy_per_token_mj,24.93223398923874,5.401218891143799,0.30642133951187134,0.8236114978790283,0.8984270560252781
transformer,20260909,123,240,test,tpot_ms,23.948876559734344,13.719378471374512,0.2607397735118866,0.7327417135238647,0.8203440276494757
transformer,20260909,123,240,test,ttft_ms,20.598135888576508,202.56056213378906,0.2328125685453415,0.7122129201889038,0.852113607697487
transformer,20260909,123,240,test,dynamic_energy_per_token_mj,32.65770971775055,7.362363338470459,0.3816528022289276,0.6574515104293823,0.8352522182309415
xgboost,20260909,123,240,train,tpot_ms,19.28652822971344,10.540087699890137,0.20879381895065308,0.8617206811904907,0.8775100880993907
xgboost,20260909,123,240,train,ttft_ms,14.986322820186615,143.76141357421875,0.1632237285375595,0.8583776354789734,0.9329796217349378
xgboost,20260909,123,240,train,dynamic_energy_per_token_mj,24.55700784921646,5.129231929779053,0.2898261249065399,0.8352094888687134,0.9064853556485355
xgboost,20260909,123,240,test,tpot_ms,24.14863407611847,13.530353546142578,0.25435736775398254,0.7445532083511353,0.8150090616792787
xgboost,20260909,123,240,test,ttft_ms,20.26696354150772,204.14349365234375,0.2276703417301178,0.7175648212432861,0.8503491262396372
xgboost,20260909,123,240,test,dynamic_energy_per_token_mj,31.32692277431488,6.750707626342773,0.3639878034591675,0.7116007208824158,0.8303832171166338
transformer,20260909,123,360,train,tpot_ms,20.255444943904877,11.380672454833984,0.23119789361953735,0.8123458623886108,0.8619187538169695
transformer,20260909,123,360,train,ttft_ms,17.708678543567657,161.60531616210938,0.19267968833446503,0.811439037322998,0.9083588699952768
transformer,20260909,123,360,train,dynamic_energy_per_token_mj,27.083569765090942,5.564338684082031,0.3343476355075836,0.7979078888893127,0.8857102806863221
transformer,20260909,123,360,test,tpot_ms,23.872974514961243,13.824462890625,0.25573986768722534,0.7238531112670898,0.8332597382574183
transformer,20260909,123,360,test,ttft_ms,19.846725463867188,190.72265625,0.21783119440078735,0.7459284067153931,0.8722335725707462
transformer,20260909,123,360,test,dynamic_energy_per_token_mj,30.969002842903137,7.269001483917236,0.36416611075401306,0.6535533666610718,0.8539426086359754
xgboost,20260909,123,360,train,tpot_ms,18.893805146217346,10.240118026733398,0.20939698815345764,0.8546406030654907,0.8842817610591288
xgboost,20260909,123,360,train,ttft_ms,16.18671864271164,153.31991577148438,0.17698325216770172,0.8345601558685303,0.9202696197912711
xgboost,20260909,123,360,train,dynamic_energy_per_token_mj,26.007863879203796,5.153441905975342,0.31278693675994873,0.8172403573989868,0.9007067955771263
xgboost,20260909,123,360,test,tpot_ms,24.154050648212433,13.386343002319336,0.25666651129722595,0.7549428343772888,0.8135032131285512
xgboost,20260909,123,360,test,ttft_ms,19.981276988983154,203.1079559326172,0.22178462147712708,0.720097541809082,0.8595878211195043
xgboost,20260909,123,360,test,dynamic_energy_per_token_mj,28.70372235774994,6.3892502784729,0.337083637714386,0.7404868602752686,0.8537493656392279
transformer,20260909,123,480,train,tpot_ms,21.157588064670563,11.862723350524902,0.23775236308574677,0.8008943796157837,0.860126761265434
transformer,20260909,123,480,train,ttft_ms,18.511323630809784,171.702392578125,0.2018761783838272,0.7869110703468323,0.8987018412423786
transformer,20260909,123,480,train,dynamic_energy_per_token_mj,31.121283769607544,5.826507568359375,0.3665284812450409,0.7852263450622559,0.8803271411857028
transformer,20260909,123,480,test,tpot_ms,23.81802648305893,13.681896209716797,0.2562302350997925,0.7350938320159912,0.8278606587828402
transformer,20260909,123,480,test,ttft_ms,19.707103073596954,193.7635498046875,0.2166908234357834,0.7389358282089233,0.8684192585083321
transformer,20260909,123,480,test,dynamic_energy_per_token_mj,30.013710260391235,7.035409450531006,0.3568495810031891,0.6836514472961426,0.8575672693319751
xgboost,20260909,123,480,train,tpot_ms,20.241349935531616,11.005637168884277,0.2197398692369461,0.845391035079956,0.8754535074325149
xgboost,20260909,123,480,train,ttft_ms,16.925525665283203,159.7144012451172,0.18296442925930023,0.823882520198822,0.9160793462439563
xgboost,20260909,123,480,train,dynamic_energy_per_token_mj,28.950050473213196,5.330018043518066,0.34025654196739197,0.8155137300491333,0.8967173738122439
xgboost,20260909,123,480,test,tpot_ms,23.51524531841278,13.125265121459961,0.25178563594818115,0.7663419246673584,0.8159274199040063
xgboost,20260909,123,480,test,ttft_ms,19.916275143623352,202.57655334472656,0.21935151517391205,0.7259997129440308,0.8628666502768494
xgboost,20260909,123,480,test,dynamic_energy_per_token_mj,28.513523936271667,6.490969181060791,0.33906444907188416,0.7401958703994751,0.8561369099541816
transformer,20260909,123,598,train,tpot_ms,20.675595104694366,11.780296325683594,0.2314218133687973,0.832939088344574,0.869280771320437
transformer,20260909,123,598,train,ttft_ms,17.841830849647522,168.5675506591797,0.19301216304302216,0.8090617656707764,0.9061327786260175
transformer,20260909,123,598,train,dynamic_energy_per_token_mj,29.139703512191772,5.60640287399292,0.3491741418838501,0.8327070474624634,0.8890576983759353
transformer,20260909,123,598,test,tpot_ms,24.075911939144135,13.903093338012695,0.26001983880996704,0.7268882989883423,0.8261016009443258
transformer,20260909,123,598,test,ttft_ms,19.301241636276245,194.25863647460938,0.21306447684764862,0.7517080903053284,0.877550495203202
transformer,20260909,123,598,test,dynamic_energy_per_token_mj,29.455435276031494,6.981207847595215,0.3592692017555237,0.6776382923126221,0.8564872757613684
xgboost,20260909,123,598,train,tpot_ms,21.082203090190887,11.762578010559082,0.22724458575248718,0.8404206037521362,0.8731303892055395
xgboost,20260909,123,598,train,ttft_ms,16.87106192111969,159.5146942138672,0.1826174557209015,0.8311150074005127,0.9163277980994493
xgboost,20260909,123,598,train,dynamic_energy_per_token_mj,28.62868905067444,5.4470744132995605,0.3364141285419464,0.8304593563079834,0.8973713871361176
xgboost,20260909,123,598,test,tpot_ms,23.238323628902435,12.907649040222168,0.24997498095035553,0.7825804948806763,0.8163003618379419
xgboost,20260909,123,598,test,ttft_ms,19.76003497838974,200.69647216796875,0.21639811992645264,0.740522027015686,0.8661825028424706
xgboost,20260909,123,598,test,dynamic_energy_per_token_mj,28.22345495223999,6.320224285125732,0.33485087752342224,0.7651341557502747,0.8599223054792515
transformer,20260910,42,120,train,tpot_ms,18.90825480222702,10.798439979553223,0.2258642166852951,0.8261639475822449,0.8649415408814591
transformer,20260910,42,120,train,ttft_ms,17.45098978281021,161.97789001464844,0.21358878910541534,0.7712166905403137,0.8806686681018476
transformer,20260910,42,120,train,dynamic_energy_per_token_mj,28.612545132637024,5.516119480133057,0.3652845621109009,0.8242034912109375,0.8635113549552051
transformer,20260910,42,120,test,tpot_ms,23.76018315553665,14.529935836791992,0.2794041335582733,0.6936824917793274,0.8282527827398742
transformer,20260910,42,120,test,ttft_ms,21.284687519073486,194.7383575439453,0.2417920082807541,0.7258302569389343,0.8424258322967341
transformer,20260910,42,120,test,dynamic_energy_per_token_mj,28.96559238433838,6.761316776275635,0.37223565578460693,0.7435364723205566,0.8730881133884887
xgboost,20260910,42,120,train,tpot_ms,16.635064780712128,8.916653633117676,0.18908308446407318,0.8738005757331848,0.8995517034282424
xgboost,20260910,42,120,train,ttft_ms,12.411654740571976,117.90774536132812,0.14090976119041443,0.8892379999160767,0.9405279269697185
xgboost,20260910,42,120,train,dynamic_energy_per_token_mj,21.57530188560486,4.116875648498535,0.26859113574028015,0.8896863460540771,0.9318424890617403
xgboost,20260910,42,120,test,tpot_ms,23.621970415115356,14.300786018371582,0.26814326643943787,0.6704023480415344,0.8364226767220082
xgboost,20260910,42,120,test,ttft_ms,20.678846538066864,196.17648315429688,0.23455166816711426,0.7191978693008423,0.8641920236337918
xgboost,20260910,42,120,test,dynamic_energy_per_token_mj,27.368995547294617,6.287479400634766,0.3354882001876831,0.7544145584106445,0.8789594496728413
transformer,20260910,42,240,train,tpot_ms,19.944468140602112,11.168256759643555,0.22500354051589966,0.850152313709259,0.8587807870288501
transformer,20260910,42,240,train,ttft_ms,16.59165322780609,153.34498596191406,0.18476039171218872,0.820561408996582,0.9032493984879492
transformer,20260910,42,240,train,dynamic_energy_per_token_mj,27.044978737831116,5.562153339385986,0.3249968886375427,0.814023494720459,0.885153388079654
transformer,20260910,42,240,test,tpot_ms,24.847103655338287,14.228435516357422,0.2719677984714508,0.7560720443725586,0.8234334272981482
transformer,20260910,42,240,test,ttft_ms,21.175384521484375,195.9213409423828,0.22612398862838745,0.7319031357765198,0.8739987294884403
transformer,20260910,42,240,test,dynamic_energy_per_token_mj,28.616613149642944,6.352283000946045,0.3353239893913269,0.7796789407730103,0.8834401587843389
xgboost,20260910,42,240,train,tpot_ms,18.299415707588196,10.160073280334473,0.19895276427268982,0.8871212005615234,0.8849739990385714
xgboost,20260910,42,240,train,ttft_ms,13.67969810962677,131.69496154785156,0.1526167243719101,0.864514946937561,0.9340308891416013
xgboost,20260910,42,240,train,dynamic_energy_per_token_mj,23.59001487493515,4.934746265411377,0.2801189422607422,0.8737449049949646,0.9127207069567177
xgboost,20260910,42,240,test,tpot_ms,23.917120695114136,13.215472221374512,0.2517188787460327,0.8103312253952026,0.8276495731773722
xgboost,20260910,42,240,test,ttft_ms,19.972968101501465,185.05596923828125,0.21704703569412231,0.7699721455574036,0.875648531661225
xgboost,20260910,42,240,test,dynamic_energy_per_token_mj,25.775831937789917,5.42308235168457,0.30746394395828247,0.8447902202606201,0.8936585594908497
transformer,20260910,42,360,train,tpot_ms,21.278400719165802,12.120203018188477,0.23885269463062286,0.810676634311676,0.8575879307441405
transformer,20260910,42,360,train,ttft_ms,17.886878550052643,164.45314025878906,0.1987573355436325,0.8079790472984314,0.9010558306651838
transformer,20260910,42,360,train,dynamic_energy_per_token_mj,27.796494960784912,5.942476272583008,0.3437097370624542,0.786942720413208,0.8838910794064767
transformer,20260910,42,360,test,tpot_ms,23.7729012966156,13.604811668395996,0.25689777731895447,0.7792953252792358,0.8334875220120657
transformer,20260910,42,360,test,ttft_ms,21.485048532485962,197.33767700195312,0.22662506997585297,0.7318497896194458,0.8694150426635603
transformer,20260910,42,360,test,dynamic_energy_per_token_mj,27.527472376823425,6.066912651062012,0.3194008469581604,0.8083359003067017,0.8869929795872092
xgboost,20260910,42,360,train,tpot_ms,19.681498408317566,10.883407592773438,0.21177232265472412,0.8567440509796143,0.8819414446237908
xgboost,20260910,42,360,train,ttft_ms,15.18373191356659,144.3102264404297,0.16630993783473969,0.8624686002731323,0.9296235279351841
xgboost,20260910,42,360,train,dynamic_energy_per_token_mj,26.103675365447998,5.496516704559326,0.3075563907623291,0.8266626596450806,0.9045352716198941
xgboost,20260910,42,360,test,tpot_ms,23.96596521139145,13.106782913208008,0.2501920759677887,0.8164714574813843,0.8308687978634792
xgboost,20260910,42,360,test,ttft_ms,20.168304443359375,184.27879333496094,0.21598604321479797,0.778490424156189,0.8744520413060308
xgboost,20260910,42,360,test,dynamic_energy_per_token_mj,27.127331495285034,5.567436695098877,0.3120003640651703,0.8428912162780762,0.8894722298977618
transformer,20260910,42,480,train,tpot_ms,21.472831070423126,12.428200721740723,0.24475328624248505,0.8149853348731995,0.8512424148447278
transformer,20260910,42,480,train,ttft_ms,18.468455970287323,173.9420928955078,0.2140681892633438,0.7792196869850159,0.8884471057920602
transformer,20260910,42,480,train,dynamic_energy_per_token_mj,31.2286376953125,5.931426048278809,0.38144561648368835,0.787529468536377,0.8654882399663193
transformer,20260910,42,480,test,tpot_ms,22.98012226819992,13.306334495544434,0.25109702348709106,0.7992584705352783,0.837296411135768
transformer,20260910,42,480,test,ttft_ms,20.351657271385193,190.43246459960938,0.2253318578004837,0.7388646602630615,0.869375310153652
transformer,20260910,42,480,test,dynamic_energy_per_token_mj,26.289719343185425,5.795581340789795,0.3201848566532135,0.8290147185325623,0.8878305674300666
xgboost,20260910,42,480,train,tpot_ms,20.89107036590576,11.557619094848633,0.22561557590961456,0.8424586057662964,0.8649259004096183
xgboost,20260910,42,480,train,ttft_ms,15.703065693378448,150.84417724609375,0.17149625718593597,0.8477494716644287,0.9232926197078788
xgboost,20260910,42,480,train,dynamic_energy_per_token_mj,28.84845733642578,5.50023078918457,0.3338756859302521,0.8322859406471252,0.8937540961549311
xgboost,20260910,42,480,test,tpot_ms,23.907937109470367,13.082210540771484,0.24719390273094177,0.8135602474212646,0.8366999004035948
xgboost,20260910,42,480,test,ttft_ms,20.171965658664703,184.40252685546875,0.21648971736431122,0.7793324589729309,0.8739382277119889
xgboost,20260910,42,480,test,dynamic_energy_per_token_mj,26.499715447425842,5.306643009185791,0.30775946378707886,0.8555443286895752,0.8923022464949874
transformer,20260910,42,598,train,tpot_ms,21.817266941070557,12.262090682983398,0.24015140533447266,0.8194489479064941,0.8613536159024843
transformer,20260910,42,598,train,ttft_ms,18.09491664171219,172.7057647705078,0.1994340568780899,0.7959856986999512,0.8990952647207207
transformer,20260910,42,598,train,dynamic_energy_per_token_mj,30.59263825416565,5.845284461975098,0.3558970093727112,0.812581479549408,0.8841486341372355
transformer,20260910,42,598,test,tpot_ms,24.41629469394684,13.552848815917969,0.2584075331687927,0.7913307547569275,0.8357974173127841
transformer,20260910,42,598,test,ttft_ms,20.680053532123566,193.3477783203125,0.21945780515670776,0.7416921854019165,0.8825421221303215
transformer,20260910,42,598,test,dynamic_energy_per_token_mj,26.60646140575409,5.811958312988281,0.3102167546749115,0.8259609937667847,0.8952171455300366
xgboost,20260910,42,598,train,tpot_ms,20.81719934940338,11.65482234954834,0.2217751294374466,0.8509964942932129,0.8736228396880986
xgboost,20260910,42,598,train,ttft_ms,16.05324149131775,156.69508361816406,0.1741018295288086,0.8394129276275635,0.9195860007777045
xgboost,20260910,42,598,train,dynamic_energy_per_token_mj,28.178581595420837,5.475183486938477,0.3275623619556427,0.8392823338508606,0.9000400632988336
xgboost,20260910,42,598,test,tpot_ms,23.79339039325714,12.752923011779785,0.24554918706417084,0.8337444067001343,0.8382490849208573
xgboost,20260910,42,598,test,ttft_ms,19.929775595664978,182.14959716796875,0.21370390057563782,0.7864794135093689,0.8792361967036301
xgboost,20260910,42,598,test,dynamic_energy_per_token_mj,25.800347328186035,5.139982223510742,0.29874637722969055,0.8676654100418091,0.9004649121580165
transformer,20260910,123,120,train,tpot_ms,17.999690771102905,10.01297378540039,0.21185876429080963,0.8367576003074646,0.8790463160592298
transformer,20260910,123,120,train,ttft_ms,16.010138392448425,144.1829376220703,0.18801112473011017,0.8238236904144287,0.9167262777238768
transformer,20260910,123,120,train,dynamic_energy_per_token_mj,20.95026969909668,4.436069965362549,0.273148775100708,0.88093101978302,0.9102923814153759
transformer,20260910,123,120,test,tpot_ms,22.03546315431595,13.391971588134766,0.2591615319252014,0.7335669994354248,0.8314909706008503
transformer,20260910,123,120,test,ttft_ms,21.304552257061005,197.80335998535156,0.24034877121448517,0.7124773263931274,0.8608219843842938
transformer,20260910,123,120,test,dynamic_energy_per_token_mj,28.229501843452454,6.384705066680908,0.3400806784629822,0.7537968158721924,0.8815871932267425
xgboost,20260910,123,120,train,tpot_ms,16.370876133441925,8.586676597595215,0.18327778577804565,0.8811547756195068,0.9022008625876481
xgboost,20260910,123,120,train,ttft_ms,10.832803696393967,104.13219451904297,0.12649573385715485,0.9145192503929138,0.9561320656669616
xgboost,20260910,123,120,train,dynamic_energy_per_token_mj,19.339486956596375,4.023993492126465,0.2295677810907364,0.901496171951294,0.9362733523161328
xgboost,20260910,123,120,test,tpot_ms,23.506242036819458,13.929169654846191,0.2634373605251312,0.713415801525116,0.8207112277450598
xgboost,20260910,123,120,test,ttft_ms,19.864240288734436,187.25672912597656,0.227530837059021,0.7509576082229614,0.8524239766082138
xgboost,20260910,123,120,test,dynamic_energy_per_token_mj,29.679304361343384,6.372822284698486,0.3453429639339447,0.7464277744293213,0.8700720778317773
transformer,20260910,123,240,train,tpot_ms,18.254128098487854,10.330873489379883,0.20829619467258453,0.854315996170044,0.900277956941429
transformer,20260910,123,240,train,ttft_ms,15.703640878200531,147.8408966064453,0.18105049431324005,0.8547949194908142,0.9262821173662684
transformer,20260910,123,240,train,dynamic_energy_per_token_mj,24.474941194057465,5.07604455947876,0.2903839647769928,0.8703693747520447,0.9133031823469154
transformer,20260910,123,240,test,tpot_ms,23.74943643808365,13.333395004272461,0.260434091091156,0.7793205380439758,0.832240467512342
transformer,20260910,123,240,test,ttft_ms,20.276889204978943,184.58143615722656,0.2236083596944809,0.7389295101165771,0.87344518338449
transformer,20260910,123,240,test,dynamic_energy_per_token_mj,29.544037580490112,6.37424898147583,0.3359799087047577,0.7729316353797913,0.88155287904975
xgboost,20260910,123,240,train,tpot_ms,20.484885573387146,11.29967975616455,0.22414791584014893,0.8262127637863159,0.891826680498692
xgboost,20260910,123,240,train,ttft_ms,13.11693787574768,129.73109436035156,0.150456964969635,0.8988988399505615,0.9434921075896823
xgboost,20260910,123,240,train,dynamic_energy_per_token_mj,25.339874625205994,5.337363243103027,0.2997274696826935,0.8632022738456726,0.9092857514887409
xgboost,20260910,123,240,test,tpot_ms,24.25388991832733,13.817933082580566,0.25950169563293457,0.7363421320915222,0.8338102012971725
xgboost,20260910,123,240,test,ttft_ms,19.67850923538208,185.85150146484375,0.22193677723407745,0.7528371810913086,0.873585150180758
xgboost,20260910,123,240,test,dynamic_energy_per_token_mj,27.83856987953186,5.846442222595215,0.32479122281074524,0.8090641498565674,0.8837669415117927
transformer,20260910,123,360,train,tpot_ms,20.514559745788574,11.66433334350586,0.23029524087905884,0.8253410458564758,0.8700805370438357
transformer,20260910,123,360,train,ttft_ms,18.690338730812073,169.614990234375,0.20392529666423798,0.800392746925354,0.8988696825026915
transformer,20260910,123,360,train,dynamic_energy_per_token_mj,31.706851720809937,5.9369282722473145,0.3724782168865204,0.8085949420928955,0.8790132125505083
transformer,20260910,123,360,test,tpot_ms,23.273076117038727,13.546257019042969,0.25599539279937744,0.764549195766449,0.8356023675141308
transformer,20260910,123,360,test,ttft_ms,21.31788581609726,189.39585876464844,0.2255539745092392,0.7530084848403931,0.8741197330413429
transformer,20260910,123,360,test,dynamic_energy_per_token_mj,26.80371403694153,6.172772407531738,0.32077556848526,0.7882729172706604,0.8921397056566016
xgboost,20260910,123,360,train,tpot_ms,20.25846689939499,11.067919731140137,0.2177429348230362,0.8447590470314026,0.881818073676642
xgboost,20260910,123,360,train,ttft_ms,14.337556064128876,137.48243713378906,0.1602390855550766,0.8737801313400269,0.9315682243139052
xgboost,20260910,123,360,train,dynamic_energy_per_token_mj,28.156650066375732,5.050077438354492,0.32811039686203003,0.862566351890564,0.9066719204798359
xgboost,20260910,123,360,test,tpot_ms,24.079248309135437,13.51882266998291,0.25390520691871643,0.7668246030807495,0.8388309282479225
xgboost,20260910,123,360,test,ttft_ms,19.890548288822174,180.95529174804688,0.21725371479988098,0.7842262983322144,0.8762358848165939
xgboost,20260910,123,360,test,dynamic_energy_per_token_mj,26.12908184528351,5.390817642211914,0.3064190447330475,0.8423098921775818,0.8963206172217435
transformer,20260910,123,480,train,tpot_ms,21.34738564491272,11.90933609008789,0.23119406402111053,0.836063027381897,0.8618541317574746
transformer,20260910,123,480,train,ttft_ms,17.898689210414886,171.6227569580078,0.19953885674476624,0.7922933101654053,0.8972287298232666
transformer,20260910,123,480,train,dynamic_energy_per_token_mj,31.687605381011963,5.849609851837158,0.3626101315021515,0.8240289688110352,0.8806661487246037
transformer,20260910,123,480,test,tpot_ms,24.35288578271866,13.781652450561523,0.25593894720077515,0.7776103019714355,0.8387132312009861
transformer,20260910,123,480,test,ttft_ms,21.187928318977356,196.26092529296875,0.2261490523815155,0.7378782033920288,0.8716030397432853
transformer,20260910,123,480,test,dynamic_energy_per_token_mj,27.625957131385803,6.123405456542969,0.3157922327518463,0.8031191229820251,0.8939854471769365
xgboost,20260910,123,480,train,tpot_ms,18.269361555576324,10.161149024963379,0.1967356652021408,0.8823226690292358,0.8976995527435466
xgboost,20260910,123,480,train,ttft_ms,14.75076973438263,143.84353637695312,0.16288259625434875,0.8612935543060303,0.9298946450019333
xgboost,20260910,123,480,train,dynamic_energy_per_token_mj,28.36962342262268,5.261654853820801,0.32722219824790955,0.8595356941223145,0.9043160994622372
xgboost,20260910,123,480,test,tpot_ms,24.273933470249176,13.206836700439453,0.2573581337928772,0.8047473430633545,0.8317510369990545
xgboost,20260910,123,480,test,ttft_ms,20.421437919139862,185.5016632080078,0.22287343442440033,0.7692735195159912,0.8725412687840753
xgboost,20260910,123,480,test,dynamic_energy_per_token_mj,26.601964235305786,5.445902347564697,0.3079677224159241,0.8467084765434265,0.8923546207651337
transformer,20260910,123,598,train,tpot_ms,21.37894034385681,12.334407806396484,0.23797138035297394,0.8242541551589966,0.8604080208255033
transformer,20260910,123,598,train,ttft_ms,18.12341809272766,174.8894805908203,0.19999153912067413,0.793562114238739,0.896954838543956
transformer,20260910,123,598,train,dynamic_energy_per_token_mj,29.98432219028473,5.96933126449585,0.3568863868713379,0.808127760887146,0.8836744624513401
transformer,20260910,123,598,test,tpot_ms,23.246082663536072,13.340529441833496,0.25089186429977417,0.7890830636024475,0.8385208904273139
transformer,20260910,123,598,test,ttft_ms,20.837746560573578,193.93788146972656,0.2204403430223465,0.7552956342697144,0.8732356846958824
transformer,20260910,123,598,test,dynamic_energy_per_token_mj,26.17430090904236,5.852134704589844,0.3112046420574188,0.8179634213447571,0.8979135174379228
xgboost,20260910,123,598,train,tpot_ms,20.9838405251503,11.737234115600586,0.22309082746505737,0.8491241931915283,0.871974555855669
xgboost,20260910,123,598,train,ttft_ms,16.184553503990173,157.6490936279297,0.1754370778799057,0.8378484845161438,0.9188015678461438
xgboost,20260910,123,598,train,dynamic_energy_per_token_mj,27.861663699150085,5.420236587524414,0.3237859308719635,0.8430176377296448,0.9026056968669791
xgboost,20260910,123,598,test,tpot_ms,23.695284128189087,12.696167945861816,0.24472461640834808,0.83430016040802,0.8391362179701103
xgboost,20260910,123,598,test,ttft_ms,19.887252151966095,181.572509765625,0.21304044127464294,0.7871489524841309,0.8806629550139748
xgboost,20260910,123,598,test,dynamic_energy_per_token_mj,25.68763494491577,5.086672306060791,0.29799288511276245,0.8687794208526611,0.9007724301841947
transformer,20260911,42,120,train,tpot_ms,20.080627501010895,11.456618309020996,0.23501817882061005,0.7468158602714539,0.8722958003946762
transformer,20260911,42,120,train,ttft_ms,15.997172892093658,148.49037170410156,0.19253741204738617,0.8088791370391846,0.9118521824502842
transformer,20260911,42,120,train,dynamic_energy_per_token_mj,34.17447507381439,5.5609588623046875,0.3954896628856659,0.7963471412658691,0.8965692061948746
transformer,20260911,42,120,test,tpot_ms,21.117761731147766,12.719715118408203,0.2452065497636795,0.7883371710777283,0.8741459802659491
transformer,20260911,42,120,test,ttft_ms,20.03684788942337,188.90606689453125,0.23690688610076904,0.7525306344032288,0.8736444685823082
transformer,20260911,42,120,test,dynamic_energy_per_token_mj,30.782702565193176,6.523074626922607,0.3624289035797119,0.7294397354125977,0.8826093944992566
xgboost,20260911,42,120,train,tpot_ms,15.985479950904846,8.242572784423828,0.18188011646270752,0.8674846887588501,0.9149777326477743
xgboost,20260911,42,120,train,ttft_ms,9.565643966197968,91.83550262451172,0.11318852007389069,0.9218932390213013,0.9657315788633454
xgboost,20260911,42,120,train,dynamic_energy_per_token_mj,30.06785213947296,4.815647602081299,0.3416668474674225,0.8424010276794434,0.9318911035488573
xgboost,20260911,42,120,test,tpot_ms,23.30271154642105,13.971375465393066,0.26752936840057373,0.7040048837661743,0.8573166216723647
xgboost,20260911,42,120,test,ttft_ms,19.360996782779694,189.7520751953125,0.22309395670890808,0.7411258220672607,0.8894968155517157
xgboost,20260911,42,120,test,dynamic_energy_per_token_mj,33.96944999694824,7.376124382019043,0.38751962780952454,0.6229025721549988,0.8653150492950241
transformer,20260911,42,240,train,tpot_ms,22.533613443374634,13.870192527770996,0.26021015644073486,0.7339422702789307,0.8600799843104135
transformer,20260911,42,240,train,ttft_ms,20.00727951526642,188.822998046875,0.23039713501930237,0.7526326775550842,0.8794194490899393
transformer,20260911,42,240,train,dynamic_energy_per_token_mj,35.89711785316467,6.700976371765137,0.4101671576499939,0.7528105974197388,0.8722443097970448
transformer,20260911,42,240,test,tpot_ms,21.96112424135208,13.210661888122559,0.2528289556503296,0.7580171823501587,0.8791658012898124
transformer,20260911,42,240,test,ttft_ms,20.54271250963211,182.99061584472656,0.234822079539299,0.7589479684829712,0.8835432682108268
transformer,20260911,42,240,test,dynamic_energy_per_token_mj,30.01829981803894,6.291399955749512,0.35473230481147766,0.7525263428688049,0.8884482226159321
xgboost,20260911,42,240,train,tpot_ms,17.669039964675903,9.9647798538208,0.19613492488861084,0.8779628276824951,0.908333159724081
xgboost,20260911,42,240,train,ttft_ms,14.777828752994537,147.62367248535156,0.16511230170726776,0.8596534729003906,0.9330629859822553
xgboost,20260911,42,240,train,dynamic_energy_per_token_mj,31.166526675224304,5.674803733825684,0.35411375761032104,0.8109418749809265,0.9064975086373025
xgboost,20260911,42,240,test,tpot_ms,22.94968068599701,13.126770973205566,0.24999524652957916,0.7944415807723999,0.8627843346242429
xgboost,20260911,42,240,test,ttft_ms,19.93744671344757,185.29421997070312,0.2222742736339569,0.7874047756195068,0.8799230996548397
xgboost,20260911,42,240,test,dynamic_energy_per_token_mj,32.513228058815,6.8468756675720215,0.3632339835166931,0.7108213901519775,0.8784989172974152
transformer,20260911,42,360,train,tpot_ms,20.761072635650635,12.17526626586914,0.2376701980829239,0.7923599481582642,0.8624371866997723
transformer,20260911,42,360,train,ttft_ms,17.25497990846634,167.0706024169922,0.1938030868768692,0.7867597341537476,0.8988550478580473
transformer,20260911,42,360,train,dynamic_energy_per_token_mj,31.763288378715515,5.928204536437988,0.37197133898735046,0.783189594745636,0.8788388284889029
transformer,20260911,42,360,test,tpot_ms,21.510809659957886,12.470752716064453,0.24145938456058502,0.8090364336967468,0.8755609936756261
transformer,20260911,42,360,test,ttft_ms,18.796701729297638,175.09259033203125,0.21641026437282562,0.7983818650245667,0.8970821026233776
transformer,20260911,42,360,test,dynamic_energy_per_token_mj,29.984864592552185,6.31402587890625,0.3507305979728699,0.735296905040741,0.8919284025667004
xgboost,20260911,42,360,train,tpot_ms,19.48924958705902,10.853181838989258,0.21644644439220428,0.8462955951690674,0.8775479628278368
xgboost,20260911,42,360,train,ttft_ms,15.353250503540039,149.36309814453125,0.17064251005649567,0.834689199924469,0.9193417700308355
xgboost,20260911,42,360,train,dynamic_energy_per_token_mj,29.708150029182434,5.2948689460754395,0.3478816747665405,0.828418493270874,0.894605668253613
xgboost,20260911,42,360,test,tpot_ms,22.557473182678223,12.99597454071045,0.24450868368148804,0.7952723503112793,0.8748362733070636
xgboost,20260911,42,360,test,ttft_ms,19.35216188430786,181.6702117919922,0.21574938297271729,0.7959235310554504,0.8928009304797171
xgboost,20260911,42,360,test,dynamic_energy_per_token_mj,29.876461625099182,6.419033527374268,0.3461919128894806,0.7350082397460938,0.8881118028632486
transformer,20260911,42,480,train,tpot_ms,21.585820615291595,12.573067665100098,0.24429550766944885,0.7925708293914795,0.8640305275445315
transformer,20260911,42,480,train,ttft_ms,17.773571610450745,175.1810760498047,0.19744688272476196,0.7909518480300903,0.8970328901977807
transformer,20260911,42,480,train,dynamic_energy_per_token_mj,30.7394802570343,6.026646614074707,0.36285093426704407,0.7983835935592651,0.8828046128672432
transformer,20260911,42,480,test,tpot_ms,22.16731160879135,12.702309608459473,0.24412386119365692,0.8080341815948486,0.8752521649671964
transformer,20260911,42,480,test,ttft_ms,19.04807835817337,176.07566833496094,0.2107856571674347,0.8101060390472412,0.8993369195064655
transformer,20260911,42,480,test,dynamic_energy_per_token_mj,30.18357753753662,6.298826694488525,0.3459942042827606,0.7509037256240845,0.8945543401112862
xgboost,20260911,42,480,train,tpot_ms,20.06992995738983,11.216408729553223,0.21815671026706696,0.8519157767295837,0.884892069744567
xgboost,20260911,42,480,train,ttft_ms,15.690912306308746,153.1398468017578,0.17245975136756897,0.8442781567573547,0.9213651393948389
xgboost,20260911,42,480,train,dynamic_energy_per_token_mj,29.07785475254059,5.519908428192139,0.33803075551986694,0.8286619782447815,0.8981070039938058
xgboost,20260911,42,480,test,tpot_ms,22.048752009868622,12.457533836364746,0.2350004017353058,0.8341251611709595,0.8710369239995055
xgboost,20260911,42,480,test,ttft_ms,19.240884482860565,178.33375549316406,0.2134612500667572,0.8088436722755432,0.8900819662686725
xgboost,20260911,42,480,test,dynamic_energy_per_token_mj,28.975999355316162,6.110644817352295,0.33583879470825195,0.7724698185920715,0.8945303628681617
transformer,20260911,42,598,train,tpot_ms,21.604596078395844,12.353802680969238,0.24029293656349182,0.8206731677055359,0.8538278022715085
transformer,20260911,42,598,train,ttft_ms,17.969512939453125,174.47027587890625,0.19581475853919983,0.7853751182556152,0.9011106131223188
transformer,20260911,42,598,train,dynamic_energy_per_token_mj,29.712337255477905,5.761769771575928,0.35420387983322144,0.8229233026504517,0.8798007884100317
transformer,20260911,42,598,test,tpot_ms,22.19480127096176,12.556110382080078,0.24365122616291046,0.8211876153945923,0.8696769940729112
transformer,20260911,42,598,test,ttft_ms,19.366301596164703,178.50112915039062,0.2127535492181778,0.8023010492324829,0.8976537081848494
transformer,20260911,42,598,test,dynamic_energy_per_token_mj,29.83059287071228,6.350388526916504,0.3462100327014923,0.7498296499252319,0.8937976222081352
xgboost,20260911,42,598,train,tpot_ms,20.025603473186493,11.091702461242676,0.21514643728733063,0.8689494132995605,0.8756676537977534
xgboost,20260911,42,598,train,ttft_ms,16.12846404314041,156.01666259765625,0.1746060848236084,0.8347079753875732,0.918349254403069
xgboost,20260911,42,598,train,dynamic_energy_per_token_mj,29.083001613616943,5.5872673988342285,0.33614298701286316,0.8339769840240479,0.8889818683190378
xgboost,20260911,42,598,test,tpot_ms,22.414186596870422,12.454977035522461,0.23903357982635498,0.8432091474533081,0.8632782799561466
xgboost,20260911,42,598,test,ttft_ms,19.213683903217316,177.64227294921875,0.20942407846450806,0.8122552633285522,0.8944010648476914
xgboost,20260911,42,598,test,dynamic_energy_per_token_mj,29.09712791442871,5.964667320251465,0.33501386642456055,0.7905187606811523,0.8951593532319438
transformer,20260911,123,120,train,tpot_ms,23.560571670532227,15.173077583312988,0.2833331823348999,0.7203850150108337,0.8004007229693343
transformer,20260911,123,120,train,ttft_ms,19.266551733016968,209.42982482910156,0.2235299050807953,0.670143723487854,0.864334887306749
transformer,20260911,123,120,train,dynamic_energy_per_token_mj,41.07100069522858,7.820728778839111,0.46714526414871216,0.7267296314239502,0.8246892145287866
transformer,20260911,123,120,test,tpot_ms,24.048154056072235,14.001776695251465,0.27812665700912476,0.7321861982345581,0.8384022177929192
transformer,20260911,123,120,test,ttft_ms,21.32839858531952,191.7730255126953,0.24115191400051117,0.7501614093780518,0.8755444023916864
transformer,20260911,123,120,test,dynamic_energy_per_token_mj,34.66422259807587,7.399020671844482,0.3949299156665802,0.6902809739112854,0.8744408143657204
xgboost,20260911,123,120,train,tpot_ms,18.898579478263855,11.214582443237305,0.21339912712574005,0.856412410736084,0.8744129356443064
xgboost,20260911,123,120,train,ttft_ms,9.00016874074936,94.52288055419922,0.10704413801431656,0.9379059076309204,0.9622939292494809
xgboost,20260911,123,120,train,dynamic_energy_per_token_mj,29.04093861579895,5.673986434936523,0.3372846245765686,0.8365169763565063,0.9258281825126744
xgboost,20260911,123,120,test,tpot_ms,24.677707254886627,13.130915641784668,0.2665843367576599,0.7906579971313477,0.8422129112127252
xgboost,20260911,123,120,test,ttft_ms,20.20087093114853,182.46926879882812,0.2331176996231079,0.7674657106399536,0.8744165424449595
xgboost,20260911,123,120,test,dynamic_energy_per_token_mj,38.883087038993835,7.186897277832031,0.4249837100505829,0.7082811594009399,0.8184003453089809
transformer,20260911,123,240,train,tpot_ms,21.34922593832016,12.845894813537598,0.24503499269485474,0.8080726861953735,0.8703417079158725
transformer,20260911,123,240,train,ttft_ms,17.399628460407257,177.64805603027344,0.19700393080711365,0.7842179536819458,0.8980543882416991
transformer,20260911,123,240,train,dynamic_energy_per_token_mj,34.773218631744385,6.688515663146973,0.3989895284175873,0.7884742021560669,0.8876603760481951
transformer,20260911,123,240,test,tpot_ms,22.937114536762238,13.236981391906738,0.2556430399417877,0.7769079208374023,0.8623581148862931
transformer,20260911,123,240,test,ttft_ms,20.16082853078842,177.82135009765625,0.22984567284584045,0.7853910326957703,0.8806599561132297
transformer,20260911,123,240,test,dynamic_energy_per_token_mj,33.149564266204834,7.315216064453125,0.37581881880760193,0.6528437733650208,0.8843576115165601
xgboost,20260911,123,240,train,tpot_ms,19.268831610679626,11.188684463500977,0.2146320641040802,0.8572438359260559,0.8928000361131462
xgboost,20260911,123,240,train,ttft_ms,13.104836642742157,134.77455139160156,0.14919905364513397,0.8790245056152344,0.9417253990345975
xgboost,20260911,123,240,train,dynamic_energy_per_token_mj,30.031457543373108,5.628971576690674,0.3456445634365082,0.8441652059555054,0.9134837410371706
xgboost,20260911,123,240,test,tpot_ms,23.585620522499084,12.992985725402832,0.24806086719036102,0.8199681043624878,0.8578114700121877
xgboost,20260911,123,240,test,ttft_ms,20.366522669792175,186.24981689453125,0.22750802338123322,0.7705910801887512,0.8794201228811593
xgboost,20260911,123,240,test,dynamic_energy_per_token_mj,30.83953559398651,6.219019412994385,0.3448711633682251,0.7834281325340271,0.8874296333620487
transformer,20260911,123,360,train,tpot_ms,20.901815593242645,12.159868240356445,0.23060965538024902,0.8272124528884888,0.872580986684768
transformer,20260911,123,360,train,ttft_ms,17.550966143608093,169.77133178710938,0.19161368906497955,0.8040162324905396,0.9085592095366036
transformer,20260911,123,360,train,dynamic_energy_per_token_mj,32.24251866340637,5.900056838989258,0.37088027596473694,0.8176711797714233,0.8775659277206357
transformer,20260911,123,360,test,tpot_ms,22.07600176334381,12.407832145690918,0.24082081019878387,0.8267073035240173,0.8668839905782523
transformer,20260911,123,360,test,ttft_ms,19.389304518699646,170.9862823486328,0.2148927003145218,0.8129986524581909,0.901020130828082
transformer,20260911,123,360,test,dynamic_energy_per_token_mj,31.322520971298218,6.428037166595459,0.36048513650894165,0.7261830568313599,0.8847332614541625
xgboost,20260911,123,360,train,tpot_ms,20.019763708114624,11.358524322509766,0.21892035007476807,0.8515333533287048,0.8803158878833377
xgboost,20260911,123,360,train,ttft_ms,14.493490755558014,144.98484802246094,0.16159260272979736,0.8599014282226562,0.9323880221309253
xgboost,20260911,123,360,train,dynamic_energy_per_token_mj,30.34456968307495,5.750482082366943,0.3490962088108063,0.8307580947875977,0.8924382132578182
xgboost,20260911,123,360,test,tpot_ms,22.49014377593994,12.66515827178955,0.24008683860301971,0.8297749161720276,0.8633689705612742
xgboost,20260911,123,360,test,ttft_ms,18.985293805599213,177.564453125,0.21099653840065002,0.8041945695877075,0.892725980619366
xgboost,20260911,123,360,test,dynamic_energy_per_token_mj,28.8364976644516,6.020550727844238,0.3361269533634186,0.779902458190918,0.8925370277059889
transformer,20260911,123,480,train,tpot_ms,21.660052239894867,12.518009185791016,0.24329683184623718,0.8120428323745728,0.8484728534660491
transformer,20260911,123,480,train,ttft_ms,18.308161199092865,182.63394165039062,0.20336537063121796,0.7658038139343262,0.8894752821294519
transformer,20260911,123,480,train,dynamic_energy_per_token_mj,31.731751561164856,6.0209641456604,0.3735807240009308,0.8068717122077942,0.8654130443274493
transformer,20260911,123,480,test,tpot_ms,21.6012105345726,12.538390159606934,0.24081625044345856,0.8189331293106079,0.8736529379419647
transformer,20260911,123,480,test,ttft_ms,18.945929408073425,177.23475646972656,0.21017001569271088,0.8047910928726196,0.8968834403429293
transformer,20260911,123,480,test,dynamic_energy_per_token_mj,30.089503526687622,6.389560222625732,0.34926724433898926,0.7457165122032166,0.8923166945695105
xgboost,20260911,123,480,train,tpot_ms,20.44180929660797,11.449981689453125,0.21990664303302765,0.8532371520996094,0.8706861997682341
xgboost,20260911,123,480,train,ttft_ms,15.295210480690002,149.80638122558594,0.16799698770046234,0.8474442958831787,0.9234999066307681
xgboost,20260911,123,480,train,dynamic_energy_per_token_mj,29.55968976020813,5.6072306632995605,0.3416214883327484,0.8283272385597229,0.8874330688907969
xgboost,20260911,123,480,test,tpot_ms,22.272372245788574,12.566629409790039,0.23690533638000488,0.8343561291694641,0.8688760260484163
xgboost,20260911,123,480,test,ttft_ms,18.942250311374664,176.8059539794922,0.20746056735515594,0.8113436698913574,0.8955776873541647
xgboost,20260911,123,480,test,dynamic_energy_per_token_mj,28.72011363506317,5.999159336090088,0.3340618312358856,0.7793710231781006,0.8955927954676389
transformer,20260911,123,598,train,tpot_ms,21.851836144924164,12.58255672454834,0.24207916855812073,0.8127920031547546,0.8497081412257065
transformer,20260911,123,598,train,ttft_ms,18.696264922618866,178.61587524414062,0.20037755370140076,0.7770039439201355,0.8929729704265292
transformer,20260911,123,598,train,dynamic_energy_per_token_mj,30.744624137878418,5.9561767578125,0.355899453163147,0.8122103214263916,0.8761183542628692
transformer,20260911,123,598,test,tpot_ms,22.022292017936707,12.672606468200684,0.23971296846866608,0.8216487765312195,0.874049358418575
transformer,20260911,123,598,test,ttft_ms,19.78086531162262,178.57968139648438,0.21233323216438293,0.8075258135795593,0.8977476212628793
transformer,20260911,123,598,test,dynamic_energy_per_token_mj,30.889704823493958,6.5329389572143555,0.34801408648490906,0.7360531091690063,0.8933804340562788
xgboost,20260911,123,598,train,tpot_ms,20.049814879894257,11.152523040771484,0.21507911384105682,0.8660995364189148,0.8766277548767383
xgboost,20260911,123,598,train,ttft_ms,15.826934576034546,153.6202392578125,0.17202135920524597,0.8379821181297302,0.9203514129263071
xgboost,20260911,123,598,train,dynamic_energy_per_token_mj,28.55764925479889,5.488323211669922,0.331582248210907,0.840293288230896,0.8924494443900283
xgboost,20260911,123,598,test,tpot_ms,22.416484355926514,12.514432907104492,0.2392444759607315,0.8398440480232239,0.8642896488258582
xgboost,20260911,123,598,test,ttft_ms,19.32207942008972,179.05726623535156,0.21072204411029816,0.8069345951080322,0.8934781882539725
xgboost,20260911,123,598,test,dynamic_energy_per_token_mj,29.014664888381958,5.977878093719482,0.33442041277885437,0.7863739728927612,0.8944748757014088
transformer,20260912,42,120,train,tpot_ms,21.65164053440094,11.430908203125,0.2386942356824875,0.7460095882415771,0.8412115530176087
transformer,20260912,42,120,train,ttft_ms,20.66100984811783,181.37583923339844,0.22673442959785461,0.7416335344314575,0.8680122579348013
transformer,20260912,42,120,train,dynamic_energy_per_token_mj,26.1984646320343,5.198479652404785,0.32892170548439026,0.771228015422821,0.8757830404889227
transformer,20260912,42,120,test,tpot_ms,25.0772625207901,15.320247650146484,0.28379905223846436,0.6622476577758789,0.8120569617448519
transformer,20260912,42,120,test,ttft_ms,23.344604671001434,207.07098388671875,0.24938902258872986,0.6418582201004028,0.850376870704138
transformer,20260912,42,120,test,dynamic_energy_per_token_mj,40.902870893478394,7.2141900062561035,0.4435633420944214,0.7344658374786377,0.8390791519702658
xgboost,20260912,42,120,train,tpot_ms,14.08277451992035,7.1029815673828125,0.16088975965976715,0.9020942449569702,0.9225616584976646
xgboost,20260912,42,120,train,ttft_ms,11.055199801921844,101.19801330566406,0.13309724628925323,0.9033908843994141,0.95438011653812
xgboost,20260912,42,120,train,dynamic_energy_per_token_mj,18.61693412065506,3.72640323638916,0.22215323150157928,0.8859037160873413,0.9404333634280158
xgboost,20260912,42,120,test,tpot_ms,24.326053261756897,14.606082916259766,0.29167652130126953,0.6469613909721375,0.7802467017686643
xgboost,20260912,42,120,test,ttft_ms,21.241918206214905,190.6294403076172,0.24116124212741852,0.6944642066955566,0.8175299279753261
xgboost,20260912,42,120,test,dynamic_energy_per_token_mj,43.34266781806946,7.68674898147583,0.4565698802471161,0.664993166923523,0.8230995815476414
transformer,20260912,42,240,train,tpot_ms,21.33605033159256,11.607611656188965,0.2339625060558319,0.8021734356880188,0.8567093165568525
transformer,20260912,42,240,train,ttft_ms,17.91328489780426,167.2971649169922,0.19993141293525696,0.7727761268615723,0.8950792868693965
transformer,20260912,42,240,train,dynamic_energy_per_token_mj,27.015024423599243,5.362218379974365,0.31653669476509094,0.8063786625862122,0.89144082362541
transformer,20260912,42,240,test,tpot_ms,24.765972793102264,14.773900032043457,0.27303633093833923,0.7303315997123718,0.8286867555882522
transformer,20260912,42,240,test,ttft_ms,21.94260060787201,201.85414123535156,0.23446770012378693,0.6728038787841797,0.8569209750053255
transformer,20260912,42,240,test,dynamic_energy_per_token_mj,41.47984981536865,6.750509262084961,0.440752774477005,0.7607439160346985,0.8464910142006512
xgboost,20260912,42,240,train,tpot_ms,18.35276037454605,9.580122947692871,0.19840775430202484,0.8737814426422119,0.8900433298810628
xgboost,20260912,42,240,train,ttft_ms,13.862156867980957,130.6146697998047,0.15434879064559937,0.880548894405365,0.932916569842998
xgboost,20260912,42,240,train,dynamic_energy_per_token_mj,21.111272275447845,4.284749507904053,0.2502981424331665,0.8771276473999023,0.9304302158023575
xgboost,20260912,42,240,test,tpot_ms,22.880683839321136,13.362764358520508,0.25475388765335083,0.7635349035263062,0.8251848908768759
xgboost,20260912,42,240,test,ttft_ms,19.22469586133957,177.7969970703125,0.21028925478458405,0.7669007778167725,0.8665813624503518
xgboost,20260912,42,240,test,dynamic_energy_per_token_mj,38.32045495510101,6.365110874176025,0.411449134349823,0.7844321727752686,0.8558858746593413
transformer,20260912,42,360,train,tpot_ms,22.622354328632355,12.027970314025879,0.23979666829109192,0.8018503189086914,0.8605453923855991
transformer,20260912,42,360,train,ttft_ms,18.831971287727356,170.19696044921875,0.20447400212287903,0.7840204238891602,0.8933101214826543
transformer,20260912,42,360,train,dynamic_energy_per_token_mj,30.90663254261017,6.146963119506836,0.34238824248313904,0.7879700660705566,0.879454059573505
transformer,20260912,42,360,test,tpot_ms,26.402762532234192,15.622187614440918,0.2719019055366516,0.7142977714538574,0.8404565608095209
transformer,20260912,42,360,test,ttft_ms,22.014209628105164,196.01902770996094,0.22809138894081116,0.7057827711105347,0.8751491093262546
transformer,20260912,42,360,test,dynamic_energy_per_token_mj,41.82729125022888,7.059806823730469,0.42737796902656555,0.7559300661087036,0.8540654172694221
xgboost,20260912,42,360,train,tpot_ms,18.915438652038574,10.044831275939941,0.2036491185426712,0.8829904794692993,0.8892822969170724
xgboost,20260912,42,360,train,ttft_ms,15.664272010326385,146.7128448486328,0.16985222697257996,0.8609985113143921,0.9179058248029893
xgboost,20260912,42,360,train,dynamic_energy_per_token_mj,23.353677988052368,4.65325403213501,0.27477791905403137,0.8844329714775085,0.9182377950447148
xgboost,20260912,42,360,test,tpot_ms,23.406754434108734,13.440544128417969,0.251911997795105,0.7806711196899414,0.8292339783873997
xgboost,20260912,42,360,test,ttft_ms,19.556623697280884,181.47772216796875,0.2070782482624054,0.7611550092697144,0.8707315905955507
xgboost,20260912,42,360,test,dynamic_energy_per_token_mj,37.658050656318665,6.104715347290039,0.4085695743560791,0.7999109029769897,0.8545783239149946
transformer,20260912,42,480,train,tpot_ms,21.496520936489105,11.803163528442383,0.23505766689777374,0.8104804754257202,0.8660082371919714
transformer,20260912,42,480,train,ttft_ms,17.80781000852585,166.97817993164062,0.1923796534538269,0.8105983734130859,0.9029741560407547
transformer,20260912,42,480,train,dynamic_energy_per_token_mj,30.85133731365204,5.674074172973633,0.35431280732154846,0.8055333495140076,0.8832212813423669
transformer,20260912,42,480,test,tpot_ms,23.944906890392303,14.650554656982422,0.25795260071754456,0.7446353435516357,0.84229418192547
transformer,20260912,42,480,test,ttft_ms,20.102383196353912,187.43116760253906,0.2118496298789978,0.736147403717041,0.8727082767160559
transformer,20260912,42,480,test,dynamic_energy_per_token_mj,37.70340979099274,6.504112243652344,0.4138563871383667,0.7805319428443909,0.8540654172694221
xgboost,20260912,42,480,train,tpot_ms,19.544534385204315,10.463881492614746,0.208705872297287,0.8672484755516052,0.8876473088867881
xgboost,20260912,42,480,train,ttft_ms,15.478368103504181,146.453369140625,0.16847674548625946,0.863145112991333,0.9249835373474313
xgboost,20260912,42,480,train,dynamic_energy_per_token_mj,27.79041826725006,5.161109447479248,0.32073867321014404,0.8472014665603638,0.9045005620684116
xgboost,20260912,42,480,test,tpot_ms,22.520753741264343,13.01547908782959,0.24527274072170258,0.7949093580245972,0.8343702874328637
xgboost,20260912,42,480,test,ttft_ms,19.1871240735054,180.38551330566406,0.20437081158161163,0.760266900062561,0.8779637875526657
xgboost,20260912,42,480,test,dynamic_energy_per_token_mj,37.5030517578125,6.04027795791626,0.4091182053089142,0.7993599772453308,0.8534748522232878
transformer,20260912,42,598,train,tpot_ms,22.25685715675354,12.28589153289795,0.240510955452919,0.8119117021560669,0.860231770924183
transformer,20260912,42,598,train,ttft_ms,19.239442050457,177.79083251953125,0.2040601670742035,0.7923486232757568,0.8972528650502738
transformer,20260912,42,598,train,dynamic_energy_per_token_mj,31.14841878414154,5.959371566772461,0.3562964200973511,0.7936191558837891,0.8791337494952104
transformer,20260912,42,598,test,tpot_ms,23.73325228691101,14.5406494140625,0.25736504793167114,0.7503334283828735,0.8446690927534536
transformer,20260912,42,598,test,ttft_ms,20.716780424118042,190.94158935546875,0.2133757770061493,0.7380309700965881,0.881033114242294
transformer,20260912,42,598,test,dynamic_energy_per_token_mj,37.9744678735733,6.567655563354492,0.4150986075401306,0.7741726040840149,0.8592522760232396
xgboost,20260912,42,598,train,tpot_ms,18.972380459308624,10.190579414367676,0.20314280688762665,0.8839179873466492,0.8942705790918921
xgboost,20260912,42,598,train,ttft_ms,15.256309509277344,144.88011169433594,0.165816530585289,0.8653240203857422,0.9296080811169569
xgboost,20260912,42,598,train,dynamic_energy_per_token_mj,28.000792860984802,5.339672088623047,0.3218941390514374,0.8418517112731934,0.9023269175846681
xgboost,20260912,42,598,test,tpot_ms,22.720929980278015,13.196478843688965,0.24374715983867645,0.8080143332481384,0.8338799541326374
xgboost,20260912,42,598,test,ttft_ms,19.22605335712433,180.13218688964844,0.2053132951259613,0.7627207040786743,0.878709672767621
xgboost,20260912,42,598,test,dynamic_energy_per_token_mj,37.8324955701828,6.022111415863037,0.41122788190841675,0.801468014717102,0.8510746658431264
transformer,20260912,123,120,train,tpot_ms,18.171654641628265,10.375237464904785,0.21934330463409424,0.7955337166786194,0.8894363825193652
transformer,20260912,123,120,train,ttft_ms,18.37548166513443,158.34173583984375,0.2014334499835968,0.8101020455360413,0.881972803374244
transformer,20260912,123,120,train,dynamic_energy_per_token_mj,26.91599428653717,5.50083065032959,0.321535587310791,0.7963826060295105,0.906410167372734
transformer,20260912,123,120,test,tpot_ms,24.012544751167297,14.71512508392334,0.274626761674881,0.7086355686187744,0.8296529740619947
transformer,20260912,123,120,test,ttft_ms,23.88172596693039,209.31460571289062,0.2554759383201599,0.6402376294136047,0.8437840039312705
transformer,20260912,123,120,test,dynamic_energy_per_token_mj,45.286816358566284,7.914004802703857,0.45827916264533997,0.699524998664856,0.8435634731003941
xgboost,20260912,123,120,train,tpot_ms,14.150644838809967,7.62455940246582,0.16231778264045715,0.9014898538589478,0.9332520774140486
xgboost,20260912,123,120,train,ttft_ms,12.301254272460938,114.069580078125,0.14419373869895935,0.8817750811576843,0.9365190155638545
xgboost,20260912,123,120,train,dynamic_energy_per_token_mj,20.338760316371918,4.079198837280273,0.25479748845100403,0.8817225694656372,0.9420793110632681
xgboost,20260912,123,120,test,tpot_ms,22.32871800661087,13.074146270751953,0.2603781223297119,0.7402087450027466,0.8237211150395524
xgboost,20260912,123,120,test,ttft_ms,20.214928686618805,185.4872589111328,0.2255454957485199,0.7168973088264465,0.8478759193267453
xgboost,20260912,123,120,test,dynamic_energy_per_token_mj,40.974125266075134,6.793505668640137,0.43095260858535767,0.7455347776412964,0.8405907817672523
transformer,20260912,123,240,train,tpot_ms,19.490280747413635,11.107757568359375,0.22324250638484955,0.8331412076950073,0.8876548262961261
transformer,20260912,123,240,train,ttft_ms,17.361685633659363,156.89547729492188,0.19237594306468964,0.8158490061759949,0.9033835160109257
transformer,20260912,123,240,train,dynamic_energy_per_token_mj,34.753257036209106,5.7826690673828125,0.3842696249485016,0.8024699687957764,0.8848269935241929
transformer,20260912,123,240,test,tpot_ms,24.227236211299896,14.802360534667969,0.2698124945163727,0.7345691919326782,0.8350782456416618
transformer,20260912,123,240,test,ttft_ms,22.206582129001617,202.59059143066406,0.2362249344587326,0.6543054580688477,0.8702990494115757
transformer,20260912,123,240,test,dynamic_energy_per_token_mj,40.972280502319336,7.125822067260742,0.4332524240016937,0.7480279207229614,0.8494311973661159
xgboost,20260912,123,240,train,tpot_ms,18.77821832895279,10.141987800598145,0.20264121890068054,0.8823073506355286,0.9015583217233974
xgboost,20260912,123,240,train,ttft_ms,14.013268053531647,132.7903289794922,0.15589523315429688,0.8765003681182861,0.9330677603924584
xgboost,20260912,123,240,train,dynamic_energy_per_token_mj,25.363200902938843,4.535283088684082,0.30361881852149963,0.8849287033081055,0.9354355110331776
xgboost,20260912,123,240,test,tpot_ms,22.412031888961792,12.823260307312012,0.24688300490379333,0.8013656139373779,0.8314942072096213
xgboost,20260912,123,240,test,ttft_ms,19.569392502307892,181.41244506835938,0.21064455807209015,0.7577499151229858,0.8700344678522755
xgboost,20260912,123,240,test,dynamic_energy_per_token_mj,38.920772075653076,6.431173324584961,0.42910727858543396,0.7742224931716919,0.8347609836971538
transformer,20260912,123,360,train,tpot_ms,21.74442708492279,11.810419082641602,0.23257328569889069,0.8287214040756226,0.8659523723649069
transformer,20260912,123,360,train,ttft_ms,18.946252763271332,170.75291442871094,0.20223401486873627,0.7760682702064514,0.892704547073707
transformer,20260912,123,360,train,dynamic_energy_per_token_mj,32.96416997909546,5.844998359680176,0.36597567796707153,0.7820104360580444,0.8878139491817065
transformer,20260912,123,360,test,tpot_ms,23.88167232275009,14.479392051696777,0.25385135412216187,0.7464197874069214,0.8498650003215968
transformer,20260912,123,360,test,ttft_ms,21.089571714401245,187.18283081054688,0.22481867671012878,0.7202562093734741,0.8806939805934775
transformer,20260912,123,360,test,dynamic_energy_per_token_mj,39.733561873435974,6.938101768493652,0.4192785918712616,0.7571795582771301,0.85553731486147
xgboost,20260912,123,360,train,tpot_ms,17.782406508922577,9.724782943725586,0.19068534672260284,0.8938232660293579,0.9101200995162011
xgboost,20260912,123,360,train,ttft_ms,12.875406444072723,122.95186614990234,0.14300334453582764,0.8880411386489868,0.9460635614250384
xgboost,20260912,123,360,train,dynamic_energy_per_token_mj,27.070599794387817,4.994517803192139,0.31909433007240295,0.8459650278091431,0.9162722448990088
xgboost,20260912,123,360,test,tpot_ms,22.467459738254547,13.131464958190918,0.24398601055145264,0.8032841682434082,0.8395959942623467
xgboost,20260912,123,360,test,ttft_ms,19.032327830791473,178.66293334960938,0.20513784885406494,0.7615729570388794,0.878998635562761
xgboost,20260912,123,360,test,dynamic_energy_per_token_mj,37.27974593639374,6.144657135009766,0.40695515275001526,0.7979497313499451,0.8553386538367764
transformer,20260912,123,480,train,tpot_ms,21.029014885425568,11.323213577270508,0.2257954329252243,0.8273653984069824,0.8786675833397183
transformer,20260912,123,480,train,ttft_ms,17.90297031402588,159.77330017089844,0.19542859494686127,0.8160677552223206,0.9093631647799858
transformer,20260912,123,480,train,dynamic_energy_per_token_mj,30.616044998168945,5.328534126281738,0.3439895808696747,0.8212059140205383,0.8959088364098803
transformer,20260912,123,480,test,tpot_ms,23.994453251361847,14.45697021484375,0.2525978982448578,0.7530806064605713,0.852024092256847
transformer,20260912,123,480,test,ttft_ms,20.79900950193405,188.124755859375,0.223066046833992,0.6982152462005615,0.8796289356596604
transformer,20260912,123,480,test,dynamic_energy_per_token_mj,40.11359512805939,6.767328262329102,0.4169844388961792,0.7704657316207886,0.8594852512249258
xgboost,20260912,123,480,train,tpot_ms,17.56458282470703,9.5205717086792,0.19043375551700592,0.8921480774879456,0.9100919211125669
xgboost,20260912,123,480,train,ttft_ms,13.449113070964813,128.2718048095703,0.14873002469539642,0.8884795904159546,0.9439957304422524
xgboost,20260912,123,480,train,dynamic_energy_per_token_mj,25.76642632484436,4.856858253479004,0.3049451410770416,0.8565651178359985,0.9178805029535718
xgboost,20260912,123,480,test,tpot_ms,22.16726690530777,12.962685585021973,0.24107007682323456,0.8113763332366943,0.8383760305632572
xgboost,20260912,123,480,test,ttft_ms,18.803147971630096,176.25677490234375,0.20433403551578522,0.7656395435333252,0.8782915797234028
xgboost,20260912,123,480,test,dynamic_energy_per_token_mj,37.64333128929138,6.044689655303955,0.4112962484359741,0.7999200820922852,0.850056076589243
transformer,20260912,123,598,train,tpot_ms,21.814845502376556,11.839391708374023,0.23400558531284332,0.8223551511764526,0.86491002763343
transformer,20260912,123,598,train,ttft_ms,19.06491070985794,172.89859008789062,0.2031143605709076,0.7983958721160889,0.8990167033104758
transformer,20260912,123,598,train,dynamic_energy_per_token_mj,31.30800426006317,5.716886520385742,0.3481413424015045,0.812379002571106,0.8856249073576546
transformer,20260912,123,598,test,tpot_ms,23.847132921218872,14.38304328918457,0.25575414299964905,0.7606047987937927,0.8357834948267017
transformer,20260912,123,598,test,ttft_ms,20.666812360286713,187.61972045898438,0.21604999899864197,0.7316226959228516,0.8821176277328042
transformer,20260912,123,598,test,dynamic_energy_per_token_mj,40.18167555332184,6.692520618438721,0.42041611671447754,0.7798807621002197,0.8500253744308812
xgboost,20260912,123,598,train,tpot_ms,17.342498898506165,9.251388549804688,0.18876124918460846,0.9035903811454773,0.9094279591177586
xgboost,20260912,123,598,train,ttft_ms,14.643965661525726,139.46034240722656,0.16006501019001007,0.8741305470466614,0.9342952361405481
xgboost,20260912,123,598,train,dynamic_energy_per_token_mj,26.651692390441895,5.110469818115234,0.3097861111164093,0.8527050614356995,0.9102525429981829
xgboost,20260912,123,598,test,tpot_ms,22.707314789295197,13.106735229492188,0.246259406208992,0.8110401630401611,0.8294958506840217
xgboost,20260912,123,598,test,ttft_ms,19.066372513771057,178.5155487060547,0.20597903430461884,0.7625769972801208,0.8767311806296464
xgboost,20260912,123,598,test,dynamic_energy_per_token_mj,37.57446110248566,5.996190071105957,0.40979117155075073,0.8042052388191223,0.8535290325027496
transformer,20260913,42,120,train,tpot_ms,18.488197028636932,10.222017288208008,0.21512901782989502,0.7842656373977661,0.8933398849256591
transformer,20260913,42,120,train,ttft_ms,16.660331189632416,149.89987182617188,0.1889978051185608,0.8101382255554199,0.9180129766756416
transformer,20260913,42,120,train,dynamic_energy_per_token_mj,25.351452827453613,5.1009979248046875,0.32030847668647766,0.7893457412719727,0.8960691714702409
transformer,20260913,42,120,test,tpot_ms,24.68339651823044,14.455709457397461,0.27622294425964355,0.7057921886444092,0.8149841454496842
transformer,20260913,42,120,test,ttft_ms,22.314299643039703,204.34661865234375,0.24291934072971344,0.6568844318389893,0.8439677950312602
transformer,20260913,42,120,test,dynamic_energy_per_token_mj,29.462793469429016,6.535165309906006,0.3578336536884308,0.7728317975997925,0.8715331393679328
xgboost,20260913,42,120,train,tpot_ms,14.677616953849792,7.954655170440674,0.16456234455108643,0.8818656206130981,0.9299784184164878
xgboost,20260913,42,120,train,ttft_ms,11.880496144294739,112.5178451538086,0.13130854070186615,0.8994189500808716,0.9534218700483702
xgboost,20260913,42,120,train,dynamic_energy_per_token_mj,19.45941597223282,4.022141933441162,0.23508797585964203,0.8799362778663635,0.9473574553788455
xgboost,20260913,42,120,test,tpot_ms,22.80029207468033,13.019301414489746,0.26192575693130493,0.746578574180603,0.7962877344463529
xgboost,20260913,42,120,test,ttft_ms,21.11566960811615,196.89959716796875,0.2380727231502533,0.6931445002555847,0.8284332936826589
xgboost,20260913,42,120,test,dynamic_energy_per_token_mj,29.17846143245697,6.7342424392700195,0.3607197701931,0.6923726201057434,0.8610853754783666
transformer,20260913,42,240,train,tpot_ms,19.88777071237564,11.351274490356445,0.22617487609386444,0.777702271938324,0.8948274301841987
transformer,20260913,42,240,train,ttft_ms,16.684365272521973,155.2095489501953,0.18616876006126404,0.8271163105964661,0.9154591028537369
transformer,20260913,42,240,train,dynamic_energy_per_token_mj,37.15439438819885,6.03702974319458,0.4131321907043457,0.7812966704368591,0.8877089880032638
transformer,20260913,42,240,test,tpot_ms,25.431182980537415,14.680689811706543,0.2861291170120239,0.6947331428527832,0.8125415101306102
transformer,20260913,42,240,test,ttft_ms,21.695753931999207,201.76412963867188,0.2370973378419876,0.6773272752761841,0.8488901089794798
transformer,20260913,42,240,test,dynamic_energy_per_token_mj,30.84843158721924,7.007455825805664,0.3772939145565033,0.7361968755722046,0.8750097073000701
xgboost,20260913,42,240,train,tpot_ms,17.77312606573105,9.652480125427246,0.1930420994758606,0.8752303123474121,0.9146854870922159
xgboost,20260913,42,240,train,ttft_ms,14.402824640274048,141.01434326171875,0.15834231674671173,0.866273045539856,0.9361605069642641
xgboost,20260913,42,240,train,dynamic_energy_per_token_mj,29.787299036979675,4.935579299926758,0.34414419531822205,0.8655077219009399,0.9268832792235975
xgboost,20260913,42,240,test,tpot_ms,22.812198102474213,12.93114185333252,0.25271520018577576,0.7761553525924683,0.8184029318888763
xgboost,20260913,42,240,test,ttft_ms,20.638753473758698,196.03045654296875,0.2305804044008255,0.70872962474823,0.844895187514258
xgboost,20260913,42,240,test,dynamic_energy_per_token_mj,27.00444757938385,6.093340873718262,0.34869614243507385,0.7644470930099487,0.8667201245424022
transformer,20260913,42,360,train,tpot_ms,20.543289184570312,11.683384895324707,0.22783491015434265,0.8074063062667847,0.8838138198585762
transformer,20260913,42,360,train,ttft_ms,17.555442452430725,166.5662841796875,0.1925206184387207,0.8032479286193848,0.9087389133738748
transformer,20260913,42,360,train,dynamic_energy_per_token_mj,33.8515967130661,5.775631427764893,0.388133704662323,0.8098672032356262,0.8858586871812283
transformer,20260913,42,360,test,tpot_ms,24.61508959531784,13.994043350219727,0.26718324422836304,0.7482491731643677,0.8180101236212989
transformer,20260913,42,360,test,ttft_ms,21.09691947698593,195.58660888671875,0.22062335908412933,0.7137981653213501,0.86433430920997
transformer,20260913,42,360,test,dynamic_energy_per_token_mj,28.583872318267822,6.316155433654785,0.347260057926178,0.7891883254051208,0.8749573330299236
xgboost,20260913,42,360,train,tpot_ms,18.794195353984833,10.28571891784668,0.20188602805137634,0.8727962970733643,0.900618004006345
xgboost,20260913,42,360,train,ttft_ms,15.478108823299408,151.26866149902344,0.16857655346393585,0.8487200736999512,0.9297611176890278
xgboost,20260913,42,360,train,dynamic_energy_per_token_mj,29.634228348731995,5.101029396057129,0.3416196405887604,0.8643239140510559,0.9135659482969261
xgboost,20260913,42,360,test,tpot_ms,22.982020676136017,13.073738098144531,0.24971848726272583,0.7828812599182129,0.8221892423853191
xgboost,20260913,42,360,test,ttft_ms,20.554398000240326,190.5810546875,0.2237146645784378,0.7397427558898926,0.8537428910667543
xgboost,20260913,42,360,test,dynamic_energy_per_token_mj,26.78254544734955,5.8363165855407715,0.33266952633857727,0.7998812198638916,0.8741121206703183
transformer,20260913,42,480,train,tpot_ms,20.219887793064117,11.765066146850586,0.23306740820407867,0.8154982328414917,0.8747954767536783
transformer,20260913,42,480,train,ttft_ms,16.84710532426834,162.04379272460938,0.185856431722641,0.8145719766616821,0.9118349095308942
transformer,20260913,42,480,train,dynamic_energy_per_token_mj,31.045106053352356,5.803750038146973,0.36894741654396057,0.815933108329773,0.8920194123026636
transformer,20260913,42,480,test,tpot_ms,23.718273639678955,13.885639190673828,0.26680099964141846,0.7574157118797302,0.8202089469122213
transformer,20260913,42,480,test,ttft_ms,20.53495943546295,193.03578186035156,0.22109520435333252,0.7070789337158203,0.863138722406183
transformer,20260913,42,480,test,dynamic_energy_per_token_mj,27.95427143573761,6.334441661834717,0.3459431231021881,0.7906041741371155,0.8755533161040044
xgboost,20260913,42,480,train,tpot_ms,19.52776163816452,10.659462928771973,0.20884588360786438,0.8742300868034363,0.8899287804966872
xgboost,20260913,42,480,train,ttft_ms,15.672537684440613,150.28981018066406,0.17011210322380066,0.8533083200454712,0.924507137268497
xgboost,20260913,42,480,train,dynamic_energy_per_token_mj,29.229801893234253,5.239466190338135,0.3373878300189972,0.8562759757041931,0.9074914850837974
xgboost,20260913,42,480,test,tpot_ms,23.049628734588623,12.799477577209473,0.24355298280715942,0.8071684837341309,0.8255655874714626
xgboost,20260913,42,480,test,ttft_ms,20.437796413898468,190.7572784423828,0.22083748877048492,0.7355529069900513,0.8564808209678737
xgboost,20260913,42,480,test,dynamic_energy_per_token_mj,27.526038885116577,5.805726528167725,0.3320932388305664,0.808123767375946,0.8718816991658042
transformer,20260913,42,598,train,tpot_ms,20.21888494491577,11.853669166564941,0.23285309970378876,0.8208242654800415,0.8709164233398459
transformer,20260913,42,598,train,ttft_ms,16.854670643806458,162.98216247558594,0.18795298039913177,0.8098880648612976,0.9119900974844936
transformer,20260913,42,598,train,dynamic_energy_per_token_mj,30.2999347448349,5.738017559051514,0.3608679473400116,0.8228931427001953,0.8918483936718226
transformer,20260913,42,598,test,tpot_ms,23.677213490009308,13.577163696289062,0.2657918930053711,0.783338725566864,0.8126959244151061
transformer,20260913,42,598,test,ttft_ms,20.946721732616425,195.42404174804688,0.2261756956577301,0.693509578704834,0.8590706570352915
transformer,20260913,42,598,test,dynamic_energy_per_token_mj,28.344014286994934,6.304203033447266,0.34848785400390625,0.8002690672874451,0.8727612257024021
xgboost,20260913,42,598,train,tpot_ms,19.877132773399353,10.989349365234375,0.2134169042110443,0.8604586124420166,0.8832596081755348
xgboost,20260913,42,598,train,ttft_ms,15.758642554283142,153.15399169921875,0.17082147300243378,0.8495660424232483,0.9248327079576815
xgboost,20260913,42,598,train,dynamic_energy_per_token_mj,29.235780239105225,5.392181396484375,0.33722051978111267,0.8467496037483215,0.9019139646034477
xgboost,20260913,42,598,test,tpot_ms,22.718551754951477,12.675256729125977,0.24029220640659332,0.8095698952674866,0.8281978543679878
xgboost,20260913,42,598,test,ttft_ms,19.776161015033722,184.14678955078125,0.21449095010757446,0.7513330578804016,0.8623874171035012
xgboost,20260913,42,598,test,dynamic_energy_per_token_mj,27.240079641342163,5.771437644958496,0.3307497501373291,0.8146340847015381,0.8714897951443633
transformer,20260913,123,120,train,tpot_ms,18.94335448741913,11.356514930725098,0.22659935057163239,0.7824479937553406,0.8677161773501849
transformer,20260913,123,120,train,ttft_ms,15.23386687040329,154.96420288085938,0.18279756605625153,0.7870821952819824,0.9128317316800987
transformer,20260913,123,120,train,dynamic_energy_per_token_mj,34.11489427089691,5.758726119995117,0.38751891255378723,0.8141740560531616,0.9115494131536911
transformer,20260913,123,120,test,tpot_ms,24.32389408349991,13.786423683166504,0.2730708718299866,0.7365918755531311,0.7988401771560033
transformer,20260913,123,120,test,ttft_ms,21.581122279167175,199.79916381835938,0.2510359287261963,0.6442520618438721,0.8301679781615675
transformer,20260913,123,120,test,dynamic_energy_per_token_mj,35.02202033996582,7.48723840713501,0.39765262603759766,0.6994497776031494,0.8488388263106661
xgboost,20260913,123,120,train,tpot_ms,13.70864063501358,7.771579265594482,0.15684182941913605,0.913390576839447,0.9255544309586815
xgboost,20260913,123,120,train,ttft_ms,12.6390740275383,125.97798919677734,0.1453506201505661,0.8657781481742859,0.9417506576389455
xgboost,20260913,123,120,train,dynamic_energy_per_token_mj,28.029906749725342,4.727510452270508,0.335207998752594,0.8615224361419678,0.9373775956663656
xgboost,20260913,123,120,test,tpot_ms,23.32526296377182,12.899540901184082,0.25367727875709534,0.7732547521591187,0.8145236116187312
xgboost,20260913,123,120,test,ttft_ms,20.241348445415497,188.54354858398438,0.22857995331287384,0.7053179740905762,0.8482941215999484
xgboost,20260913,123,120,test,dynamic_energy_per_token_mj,32.89125859737396,6.609899044036865,0.3758104145526886,0.7420133352279663,0.8468449920264688
transformer,20260913,123,240,train,tpot_ms,21.155890822410583,12.441880226135254,0.2448345124721527,0.7596535682678223,0.8389567989327747
transformer,20260913,123,240,train,ttft_ms,17.760568857192993,177.04586791992188,0.20479048788547516,0.7457371950149536,0.8880183076738085
transformer,20260913,123,240,train,dynamic_energy_per_token_mj,32.78118669986725,6.32408332824707,0.3795565366744995,0.7829470634460449,0.8882940676053401
transformer,20260913,123,240,test,tpot_ms,24.894019961357117,13.987504959106445,0.27359116077423096,0.7482945919036865,0.7907483268439061
transformer,20260913,123,240,test,ttft_ms,21.816103160381317,199.50704956054688,0.24481767416000366,0.6818249225616455,0.8312868090149603
transformer,20260913,123,240,test,dynamic_energy_per_token_mj,32.332634925842285,6.873767375946045,0.377655029296875,0.7654933929443359,0.8530359919596464
xgboost,20260913,123,240,train,tpot_ms,16.948334872722626,9.450818061828613,0.18681718409061432,0.881180465221405,0.8851627229413108
xgboost,20260913,123,240,train,ttft_ms,14.897003769874573,148.17919921875,0.16231399774551392,0.8395465612411499,0.9276193845191355
xgboost,20260913,123,240,train,dynamic_energy_per_token_mj,26.02953016757965,4.787922382354736,0.30899161100387573,0.8647723197937012,0.9236566607059149
xgboost,20260913,123,240,test,tpot_ms,23.036538064479828,12.530813217163086,0.24881695210933685,0.7858050465583801,0.8156595950684153
xgboost,20260913,123,240,test,ttft_ms,19.906920194625854,183.78565979003906,0.21617650985717773,0.7473515272140503,0.8606404790493254
xgboost,20260913,123,240,test,dynamic_energy_per_token_mj,30.249840021133423,5.916762351989746,0.3450106978416443,0.8031062483787537,0.8663300265302768
transformer,20260913,123,360,train,tpot_ms,20.76115757226944,12.062776565551758,0.22763405740261078,0.8451577425003052,0.8632425163671866
transformer,20260913,123,360,train,ttft_ms,17.072440683841705,165.76571655273438,0.18854032456874847,0.8081738948822021,0.9087686906330007
transformer,20260913,123,360,train,dynamic_energy_per_token_mj,31.77051544189453,5.821681022644043,0.3680635392665863,0.8467086553573608,0.8799698094358905
transformer,20260913,123,360,test,tpot_ms,25.291362404823303,14.150434494018555,0.268206387758255,0.7599759697914124,0.8027113703585432
transformer,20260913,123,360,test,ttft_ms,21.1701437830925,191.26095581054688,0.22509369254112244,0.7177345752716064,0.8617408610978279
transformer,20260913,123,360,test,dynamic_energy_per_token_mj,30.56301474571228,6.467741012573242,0.3487136662006378,0.7962093353271484,0.8673377797282678
xgboost,20260913,123,360,train,tpot_ms,18.676169216632843,10.46003246307373,0.2001972496509552,0.8947075605392456,0.888217199409425
xgboost,20260913,123,360,train,ttft_ms,15.73091745376587,155.51620483398438,0.16843563318252563,0.844812273979187,0.9279184467101963
xgboost,20260913,123,360,train,dynamic_energy_per_token_mj,25.51741600036621,4.819979190826416,0.30753985047340393,0.8909542560577393,0.9188028018993737
xgboost,20260913,123,360,test,tpot_ms,22.61923998594284,12.396782875061035,0.23763759434223175,0.8232022523880005,0.8300408926993114
xgboost,20260913,123,360,test,ttft_ms,19.815628230571747,180.70703125,0.21371924877166748,0.7636125087738037,0.8627413974864955
xgboost,20260913,123,360,test,dynamic_energy_per_token_mj,27.799305319786072,5.665335178375244,0.3339512348175049,0.8190451860427856,0.8679753010166025
transformer,20260913,123,480,train,tpot_ms,20.120763778686523,11.815454483032227,0.23171833157539368,0.8326833248138428,0.8665790214408069
transformer,20260913,123,480,train,ttft_ms,16.988302767276764,164.82032775878906,0.18784938752651215,0.8106684684753418,0.9063723288150389
transformer,20260913,123,480,train,dynamic_energy_per_token_mj,29.463881254196167,5.865880489349365,0.3595708906650543,0.8275954127311707,0.8806434403101644
transformer,20260913,123,480,test,tpot_ms,23.745542764663696,13.791906356811523,0.26648032665252686,0.7734279036521912,0.8078819913703801
transformer,20260913,123,480,test,ttft_ms,20.989452302455902,195.17579650878906,0.22484305500984192,0.7015281915664673,0.856393228883306
transformer,20260913,123,480,test,dynamic_energy_per_token_mj,28.62359583377838,6.359549045562744,0.3515957295894623,0.7953036427497864,0.8715710655635561
xgboost,20260913,123,480,train,tpot_ms,19.361665844917297,10.70147705078125,0.20820826292037964,0.8774684071540833,0.8835394688915719
xgboost,20260913,123,480,train,ttft_ms,15.699361264705658,152.87974548339844,0.16943475604057312,0.8500494360923767,0.9248976230335777
xgboost,20260913,123,480,train,dynamic_energy_per_token_mj,28.027251362800598,5.320150375366211,0.32664138078689575,0.8589155673980713,0.8987128009103993
xgboost,20260913,123,480,test,tpot_ms,22.580386698246002,12.43210506439209,0.23761269450187683,0.8292856812477112,0.8268857844535277
xgboost,20260913,123,480,test,ttft_ms,19.64355558156967,180.296875,0.21354007720947266,0.7634218335151672,0.8654513340410006
xgboost,20260913,123,480,test,dynamic_energy_per_token_mj,27.39052176475525,5.663022994995117,0.3271979093551636,0.8291260004043579,0.8753402070047875
transformer,20260913,123,598,train,tpot_ms,20.69111168384552,11.849044799804688,0.23196738958358765,0.8246086835861206,0.8671069390246441
transformer,20260913,123,598,train,ttft_ms,17.05296039581299,166.65786743164062,0.19116966426372528,0.8055281043052673,0.9067232478817089
transformer,20260913,123,598,train,dynamic_energy_per_token_mj,30.550989508628845,5.864251613616943,0.3656173050403595,0.816875696182251,0.8877508487533131
transformer,20260913,123,598,test,tpot_ms,24.05058741569519,13.877998352050781,0.26416248083114624,0.7704900503158569,0.8122778319372017
transformer,20260913,123,598,test,ttft_ms,20.473894476890564,193.4398651123047,0.22328637540340424,0.6987547874450684,0.857837143761898
transformer,20260913,123,598,test,dynamic_energy_per_token_mj,28.34131419658661,6.355025768280029,0.3497724235057831,0.795209527015686,0.8751650241011941
xgboost,20260913,123,598,train,tpot_ms,19.661784172058105,10.8809814453125,0.21177412569522858,0.8626900911331177,0.8847264843777757
xgboost,20260913,123,598,train,ttft_ms,16.17520898580551,157.26141357421875,0.17493529617786407,0.8409192562103271,0.9218526041641308
xgboost,20260913,123,598,train,dynamic_energy_per_token_mj,29.075664281845093,5.426342010498047,0.33560290932655334,0.8439897298812866,0.903616858268508
xgboost,20260913,123,598,test,tpot_ms,22.512473165988922,12.576064109802246,0.2395763397216797,0.8089749813079834,0.8298900904448621
xgboost,20260913,123,598,test,ttft_ms,19.814856350421906,184.20065307617188,0.21485351026058197,0.7493230700492859,0.8641907304321738
xgboost,20260913,123,598,test,dynamic_energy_per_token_mj,27.21935510635376,5.788456916809082,0.3301878869533539,0.8128470778465271,0.8712261177843155
