config_id,suite,category,n_layer,d_model,n_h,n_kv,d_qk,d_v,d_mlp,total_params_M,q8_group_size,layer_size_kb,mlp_ratio,kv_ratio,sample_idx
RND_0001,Random_50M_150M,Random_50M_150M,14,608,8,4,48,16,1376,72.266,32,3279.9,2.263,0.5,1
RND_0002,Random_50M_150M,Random_50M_150M,25,512,1,1,16,32,1152,71.249,32,2006.0,2.25,1.0,2
RND_0003,Random_50M_150M,Random_50M_150M,22,576,8,4,16,64,2784,147.001,32,5901.8,4.833,0.5,3
RND_0004,Random_50M_150M,Random_50M_150M,15,608,12,12,64,64,2240,119.896,32,6550.2,3.684,1.0,4
RND_0005,Random_50M_150M,Random_50M_150M,19,544,2,1,64,64,2560,110.731,32,4828.0,4.706,0.5,5
RND_0006,Random_50M_150M,Random_50M_150M,27,416,12,3,64,64,512,59.77,32,1586.0,1.231,0.25,6
RND_0007,Random_50M_150M,Random_50M_150M,26,448,4,1,48,16,1824,90.027,32,2857.8,4.071,0.25,7
RND_0008,Random_50M_150M,Random_50M_150M,7,640,6,6,16,32,2624,70.03,64,5620.0,4.1,1.0,8
RND_0009,Random_50M_150M,Random_50M_150M,10,576,2,1,48,48,2304,70.444,32,4565.2,4.0,0.5,9
RND_0010,Random_50M_150M,Random_50M_150M,10,640,2,1,48,16,2144,74.584,32,4667.5,3.35,0.5,10
RND_0011,Random_50M_150M,Random_50M_150M,19,608,2,1,64,64,2336,115.995,32,4947.1,3.842,0.5,11
RND_0012,Random_50M_150M,Random_50M_150M,28,384,1,1,16,64,1088,56.157,64,1370.2,2.833,1.0,12
RND_0013,Random_50M_150M,Random_50M_150M,15,544,12,2,64,16,2592,99.964,32,5325.2,4.765,0.167,13
RND_0014,Random_50M_150M,Random_50M_150M,18,352,12,6,16,48,1920,61.511,32,2678.5,5.455,0.5,14
RND_0015,Random_50M_150M,Random_50M_150M,15,416,6,1,16,64,1888,59.77,32,2851.1,4.538,0.167,15
RND_0016,Random_50M_150M,Random_50M_150M,17,512,2,2,16,16,2432,90.385,32,4184.0,4.75,1.0,16
RND_0017,Random_50M_150M,Random_50M_150M,14,480,16,8,16,16,2336,76.405,32,4108.1,4.867,0.5,17
RND_0018,Random_50M_150M,Random_50M_150M,26,480,8,4,32,64,1120,80.484,32,2386.9,2.333,0.5,18
RND_0019,Random_50M_150M,Random_50M_150M,9,480,2,2,64,32,2144,53.586,32,3601.9,4.467,1.0,19
RND_0020,Random_50M_150M,Random_50M_150M,12,448,4,1,16,16,1664,50.234,64,2401.9,3.714,0.25,20
RND_0021,Random_50M_150M,Random_50M_150M,13,416,12,2,64,16,1728,55.021,32,2887.6,4.154,0.167,21
RND_0022,Random_50M_150M,Random_50M_150M,21,384,6,1,32,64,1760,67.328,32,2517.0,4.583,0.167,22
RND_0023,Random_50M_150M,Random_50M_150M,11,608,8,2,64,16,1792,71.889,32,4134.9,2.947,0.25,23
RND_0024,Random_50M_150M,Random_50M_150M,20,480,12,6,48,16,1440,76.693,32,2893.1,3.0,0.5,24
RND_0025,Random_50M_150M,Random_50M_150M,6,576,1,1,64,64,2272,53.403,32,4484.2,3.944,1.0,25
RND_0026,Random_50M_150M,Random_50M_150M,21,480,16,4,48,64,1280,85.451,32,3213.8,2.667,0.25,26
RND_0027,Random_50M_150M,Random_50M_150M,15,544,6,3,16,64,2368,91.217,32,4684.6,4.353,0.5,27
RND_0028,Random_50M_150M,Random_50M_150M,26,640,12,3,32,16,1504,119.292,32,3688.8,2.35,0.25,28
RND_0029,Random_50M_150M,Random_50M_150M,24,544,8,2,48,32,1472,95.493,32,3125.9,2.706,0.25,29
RND_0030,Random_50M_150M,Random_50M_150M,16,544,16,4,64,64,2560,116.504,32,6128.5,4.706,0.25,30
RND_0031,Random_50M_150M,Random_50M_150M,27,320,6,3,16,64,1312,56.345,32,1641.9,4.1,0.5,31
RND_0032,Random_50M_150M,Random_50M_150M,24,480,16,16,64,48,1536,118.542,32,4327.5,3.2,1.0,32
RND_0033,Random_50M_150M,Random_50M_150M,26,352,2,1,64,16,1632,64.732,32,1991.7,4.636,0.5,33
RND_0034,Random_50M_150M,Random_50M_150M,14,608,1,1,64,32,1408,68.18,32,2959.2,2.316,1.0,34
RND_0035,Random_50M_150M,Random_50M_150M,13,640,2,1,48,64,1376,69.339,32,3148.8,2.15,0.5,35
RND_0036,Random_50M_150M,Random_50M_150M,8,640,8,1,48,32,3264,86.007,64,6990.6,5.1,0.125,36
RND_0037,Random_50M_150M,Random_50M_150M,26,448,2,1,64,16,2144,100.278,32,3290.9,4.786,0.5,37
RND_0038,Random_50M_150M,Random_50M_150M,11,544,1,1,64,48,2720,77.534,16,5576.0,5.0,1.0,38
RND_0039,Random_50M_150M,Random_50M_150M,28,608,2,2,48,64,1376,108.527,32,3066.1,2.263,1.0,39
RND_0040,Random_50M_150M,Random_50M_150M,10,640,4,2,64,16,1696,67.826,32,3925.0,2.65,0.5,40
RND_0041,Random_50M_150M,Random_50M_150M,13,512,16,16,48,16,2528,89.869,32,5426.0,4.938,1.0,41
RND_0042,Random_50M_150M,Random_50M_150M,12,512,12,1,32,16,1696,60.851,32,3221.0,3.312,0.083,42
RND_0043,Random_50M_150M,Random_50M_150M,14,640,6,3,48,32,1056,67.037,32,2743.8,1.65,0.5,43
RND_0044,Random_50M_150M,Random_50M_150M,23,576,2,2,48,64,1856,108.702,64,3604.5,3.222,1.0,44
RND_0045,Random_50M_150M,Random_50M_150M,6,608,16,8,48,32,1728,56.487,32,4754.8,2.842,0.5,45
RND_0046,Random_50M_150M,Random_50M_150M,21,512,16,1,16,48,800,63.278,32,1970.0,1.562,0.062,46
RND_0047,Random_50M_150M,Random_50M_150M,22,448,12,12,48,16,864,63.241,32,2038.8,1.929,1.0,47
RND_0048,Random_50M_150M,Random_50M_150M,20,352,2,2,48,64,1632,55.341,32,2072.1,4.636,1.0,48
RND_0049,Random_50M_150M,Random_50M_150M,16,544,8,1,32,32,2432,95.893,32,4713.2,4.471,0.125,49
RND_0050,Random_50M_150M,Random_50M_150M,16,640,8,2,32,32,1664,89.878,64,3750.0,2.6,0.25,50
RND_0051,Random_50M_150M,Random_50M_150M,12,512,16,16,32,64,2624,92.997,64,5822.0,5.125,1.0,51
RND_0052,Random_50M_150M,Random_50M_150M,8,576,16,16,16,32,2112,65.241,64,4713.8,3.667,1.0,52
RND_0053,Random_50M_150M,Random_50M_150M,23,512,4,1,32,64,1184,73.26,32,2276.0,2.312,0.25,53
RND_0054,Random_50M_150M,Random_50M_150M,21,640,4,2,32,48,2528,140.599,32,5680.0,3.95,0.5,54
RND_0055,Random_50M_150M,Random_50M_150M,14,416,16,2,64,64,2048,70.132,32,3867.5,4.923,0.125,55
RND_0056,Random_50M_150M,Random_50M_150M,28,640,1,1,64,32,832,80.406,32,1900.0,1.3,1.0,56
RND_0057,Random_50M_150M,Random_50M_150M,19,608,16,16,16,16,1088,80.138,32,2873.8,1.789,1.0,57
RND_0058,Random_50M_150M,Random_50M_150M,9,512,6,3,32,64,2624,66.006,64,4649.0,5.125,0.5,58
RND_0059,Random_50M_150M,Random_50M_150M,26,544,6,2,32,64,1152,87.141,32,2533.0,2.118,0.333,59
RND_0060,Random_50M_150M,Random_50M_150M,20,608,8,8,48,16,1504,97.923,32,3707.4,2.474,1.0,60
RND_0061,Random_50M_150M,Random_50M_150M,10,480,12,1,16,48,2176,59.471,32,3888.8,4.533,0.083,61
RND_0062,Random_50M_150M,Random_50M_150M,15,640,16,4,48,64,2784,133.887,32,7457.5,4.35,0.25,62
RND_0063,Random_50M_150M,Random_50M_150M,18,512,8,1,32,48,1696,79.295,32,3275.0,3.312,0.125,63
RND_0064,Random_50M_150M,Random_50M_150M,12,608,6,3,32,32,1600,69.809,32,3600.5,2.632,0.5,64
RND_0065,Random_50M_150M,Random_50M_150M,20,512,6,2,16,32,1728,82.789,64,2966.0,3.375,0.333,65
RND_0066,Random_50M_150M,Random_50M_150M,15,544,1,1,48,16,1472,64.452,16,3026.0,2.706,1.0,66
RND_0067,Random_50M_150M,Random_50M_150M,19,416,16,16,16,16,1792,71.525,32,2931.5,4.308,1.0,67
RND_0068,Random_50M_150M,Random_50M_150M,24,384,12,12,32,64,1056,69.766,32,2314.5,2.75,1.0,68
RND_0069,Random_50M_150M,Random_50M_150M,26,416,16,8,48,64,1504,98.826,32,3297.1,3.615,0.5,69
RND_0070,Random_50M_150M,Random_50M_150M,3,640,8,1,64,32,2944,50.789,64,6448.8,4.6,0.125,70
RND_0071,Random_50M_150M,Random_50M_150M,8,576,16,1,48,16,2336,66.273,32,5132.2,4.056,0.062,71
RND_0072,Random_50M_150M,Random_50M_150M,16,608,6,6,48,16,1248,74.489,32,3023.4,2.053,1.0,72
RND_0073,Random_50M_150M,Random_50M_150M,15,544,12,2,16,64,2080,87.431,32,4407.2,3.824,0.167,73
RND_0074,Random_50M_150M,Random_50M_150M,26,416,16,16,64,32,1664,108.171,32,3692.0,4.0,1.0,74
RND_0075,Random_50M_150M,Random_50M_150M,6,640,1,1,48,32,3264,70.396,32,7007.5,5.1,1.0,75
RND_0076,Random_50M_150M,Random_50M_150M,21,448,16,8,48,32,1632,86.678,32,3361.8,3.643,0.5,76
RND_0077,Random_50M_150M,Random_50M_150M,27,480,4,1,32,48,2272,117.695,32,3812.8,4.733,0.25,77
RND_0078,Random_50M_150M,Random_50M_150M,21,384,4,1,64,64,1536,61.651,64,2097.0,4.0,0.25,78
RND_0079,Random_50M_150M,Random_50M_150M,10,608,8,4,48,48,2880,90.117,32,6550.2,4.737,0.5,79
RND_0080,Random_50M_150M,Random_50M_150M,27,512,1,1,16,16,1152,74.448,16,2208.0,2.25,1.0,80
RND_0081,Random_50M_150M,Random_50M_150M,19,576,1,1,32,32,1152,68.216,32,2277.0,2.0,1.0,81
RND_0082,Random_50M_150M,Random_50M_150M,14,640,2,1,64,32,896,58.866,64,1986.2,1.4,0.5,82
RND_0083,Random_50M_150M,Random_50M_150M,26,448,16,8,48,48,1792,112.019,64,3577.0,4.0,0.5,83
RND_0084,Random_50M_150M,Random_50M_150M,17,608,4,4,64,16,2016,99.725,32,4476.9,3.316,1.0,84
RND_0085,Random_50M_150M,Random_50M_150M,22,576,2,2,64,48,2624,134.43,32,5274.0,4.556,1.0,85
RND_0086,Random_50M_150M,Random_50M_150M,19,416,16,4,48,48,1568,73.295,32,3033.9,3.769,0.25,86
RND_0087,Random_50M_150M,Random_50M_150M,12,608,4,4,48,64,1536,70.743,32,3686.0,2.526,1.0,87
RND_0088,Random_50M_150M,Random_50M_150M,26,640,2,1,32,48,1152,93.733,32,2608.8,1.8,0.5,88
RND_0089,Random_50M_150M,Random_50M_150M,26,544,12,3,16,48,1984,125.16,32,4139.5,3.647,0.25,89
RND_0090,Random_50M_150M,Random_50M_150M,26,640,1,1,32,48,2208,145.117,16,5310.0,3.45,1.0,90
RND_0091,Random_50M_150M,Random_50M_150M,24,416,16,1,16,64,1760,87.241,32,3041.2,4.231,0.062,91
RND_0092,Random_50M_150M,Random_50M_150M,12,544,12,1,64,32,1984,74.368,32,4311.6,3.647,0.083,92
RND_0093,Random_50M_150M,Random_50M_150M,20,448,1,1,16,32,1504,63.839,32,2275.0,3.357,1.0,93
RND_0094,Random_50M_150M,Random_50M_150M,4,608,2,2,64,64,3104,54.459,32,6571.6,5.105,1.0,94
RND_0095,Random_50M_150M,Random_50M_150M,25,544,2,2,48,64,2624,140.547,32,4981.0,4.824,1.0,95
RND_0096,Random_50M_150M,Random_50M_150M,16,576,6,6,48,16,2560,106.842,32,5355.0,4.444,1.0,96
RND_0097,Random_50M_150M,Random_50M_150M,18,576,4,2,16,48,2240,102.644,64,4254.8,3.889,0.5,97
RND_0098,Random_50M_150M,Random_50M_150M,4,640,4,1,16,16,3520,59.619,64,7128.8,5.5,0.25,98
RND_0099,Random_50M_150M,Random_50M_150M,21,576,1,1,64,16,2560,123.83,16,5521.5,4.444,1.0,99
RND_0100,Random_50M_150M,Random_50M_150M,21,480,2,1,48,16,1536,72.548,32,2538.8,3.2,0.5,100
RND_0101,Random_50M_150M,Random_50M_150M,14,480,16,2,64,48,2080,79.631,32,4361.2,4.333,0.125,101
RND_0102,Random_50M_150M,Random_50M_150M,26,320,6,3,48,16,1184,50.461,32,1456.2,3.7,0.5,102
RND_0103,Random_50M_150M,Random_50M_150M,13,640,4,2,64,32,1760,80.92,32,4127.5,2.75,0.5,103
RND_0104,Random_50M_150M,Random_50M_150M,9,640,16,2,64,16,3136,94.673,64,7213.8,4.9,0.125,104
RND_0105,Random_50M_150M,Random_50M_150M,19,608,16,4,64,32,2432,137.066,32,6165.5,4.0,0.25,105
RND_0106,Random_50M_150M,Random_50M_150M,25,640,16,4,16,64,1248,117.733,32,3767.5,1.95,0.25,106
RND_0107,Random_50M_150M,Random_50M_150M,6,640,4,1,32,16,2848,65.911,32,6186.2,4.45,0.25,107
RND_0108,Random_50M_150M,Random_50M_150M,22,352,1,1,32,64,1856,62.327,32,2233.0,5.273,1.0,108
RND_0109,Random_50M_150M,Random_50M_150M,14,544,16,1,64,16,2496,94.757,32,5296.6,4.588,0.062,109
RND_0110,Random_50M_150M,Random_50M_150M,9,576,2,1,64,32,3008,77.243,64,5574.4,5.222,0.5,110
RND_0111,Random_50M_150M,Random_50M_150M,24,576,8,8,32,32,1600,109.515,64,3489.8,2.778,1.0,111
RND_0112,Random_50M_150M,Random_50M_150M,18,576,8,2,64,48,1952,101.317,32,4423.5,3.389,0.25,112
RND_0113,Random_50M_150M,Random_50M_150M,22,352,4,2,64,16,1824,63.814,32,2307.2,5.182,0.5,113
RND_0114,Random_50M_150M,Random_50M_150M,18,480,4,2,16,48,2624,95.49,32,4361.2,5.467,0.5,114
RND_0115,Random_50M_150M,Random_50M_150M,11,480,16,8,64,64,1856,69.764,32,4563.8,3.867,0.5,115
RND_0116,Random_50M_150M,Random_50M_150M,26,512,4,2,32,32,1440,88.405,32,2654.0,2.812,0.5,116
RND_0117,Random_50M_150M,Random_50M_150M,14,544,4,2,48,48,2304,84.399,32,4483.8,4.235,0.5,117
RND_0118,Random_50M_150M,Random_50M_150M,25,576,8,4,16,32,1312,93.979,32,2864.2,2.278,0.5,118
RND_0119,Random_50M_150M,Random_50M_150M,24,288,16,16,48,64,576,51.218,32,1685.2,2.0,1.0,119
RND_0120,Random_50M_150M,Random_50M_150M,18,576,1,1,48,32,2720,115.252,32,5274.0,4.722,1.0,120
RND_0121,Random_50M_150M,Random_50M_150M,26,512,16,4,64,16,1856,121.206,64,3816.0,3.625,0.25,121
RND_0122,Random_50M_150M,Random_50M_150M,11,608,4,1,32,48,1632,66.003,32,3547.1,2.684,0.25,122
RND_0123,Random_50M_150M,Random_50M_150M,11,608,1,1,48,48,2304,78.095,16,5282.0,3.789,1.0,123
RND_0124,Random_50M_150M,Random_50M_150M,16,448,16,8,16,64,1888,76.906,32,3739.8,4.214,0.5,124
RND_0125,Random_50M_150M,Random_50M_150M,16,608,12,12,32,64,2432,123.985,32,6422.0,4.0,1.0,125
RND_0126,Random_50M_150M,Random_50M_150M,15,448,6,6,16,32,1312,52.863,32,2227.8,2.929,1.0,126
RND_0127,Random_50M_150M,Random_50M_150M,20,640,16,1,16,32,1248,90.584,32,3216.2,1.95,0.062,127
RND_0128,Random_50M_150M,Random_50M_150M,9,544,4,1,64,32,2368,64.491,32,4541.1,4.353,0.25,128
RND_0129,Random_50M_150M,Random_50M_150M,26,640,1,1,32,32,1472,107.844,32,3205.0,2.3,1.0,129
RND_0130,Random_50M_150M,Random_50M_150M,20,512,12,1,32,64,1728,91.637,64,3425.0,3.375,0.083,130
RND_0131,Random_50M_150M,Random_50M_150M,9,608,1,1,48,32,2208,67.701,32,4541.0,3.632,1.0,131
RND_0132,Random_50M_150M,Random_50M_150M,26,352,4,2,32,64,1056,51.993,32,1453.4,3.0,0.5,132
RND_0133,Random_50M_150M,Random_50M_150M,12,448,4,4,48,32,1632,52.299,32,2731.8,3.643,1.0,133
RND_0134,Random_50M_150M,Random_50M_150M,11,480,1,1,48,16,1728,52.192,16,3120.0,3.6,1.0,134
RND_0135,Random_50M_150M,Random_50M_150M,22,640,4,4,64,64,768,79.08,64,2220.0,1.2,1.0,135
RND_0136,Random_50M_150M,Random_50M_150M,18,512,12,3,32,64,928,64.697,32,2384.0,1.812,0.25,136
RND_0137,Random_50M_150M,Random_50M_150M,12,416,6,3,32,48,2080,55.672,32,3187.4,5.0,0.5,137
RND_0138,Random_50M_150M,Random_50M_150M,18,384,12,4,16,64,2016,69.978,32,3097.5,5.25,0.333,138
RND_0139,Random_50M_150M,Random_50M_150M,23,640,4,2,32,32,2016,126.903,32,4532.5,3.15,0.5,139
RND_0140,Random_50M_150M,Random_50M_150M,14,576,2,2,16,48,2848,99.944,32,5577.8,4.944,1.0,140
RND_0141,Random_50M_150M,Random_50M_150M,17,512,1,1,16,16,2656,95.677,16,5028.0,5.188,1.0,141
RND_0142,Random_50M_150M,Random_50M_150M,27,480,1,1,16,32,1856,97.581,32,2994.4,3.867,1.0,142
RND_0143,Random_50M_150M,Random_50M_150M,28,384,6,6,16,32,1216,64.759,64,1689.0,3.167,1.0,143
RND_0144,Random_50M_150M,Random_50M_150M,24,608,2,1,32,48,1152,84.547,32,2478.3,1.895,0.5,144
RND_0145,Random_50M_150M,Random_50M_150M,25,576,1,1,32,64,960,73.243,64,1845.0,1.667,1.0,145
RND_0146,Random_50M_150M,Random_50M_150M,16,608,2,1,64,32,1984,91.298,32,4177.6,3.263,0.5,146
RND_0147,Random_50M_150M,Random_50M_150M,26,576,4,2,64,32,1248,93.705,32,2742.8,2.167,0.5,147
RND_0148,Random_50M_150M,Random_50M_150M,16,480,2,2,48,16,2112,74.781,32,3483.8,4.4,1.0,148
RND_0149,Random_50M_150M,Random_50M_150M,25,544,12,6,16,48,800,75.702,32,2131.4,1.471,0.5,149
RND_0150,Random_50M_150M,Random_50M_150M,16,512,1,1,64,32,2656,92.612,32,4598.0,5.188,1.0,150
RND_0151,Random_50M_150M,Random_50M_150M,12,480,8,1,64,64,1792,61.748,32,3450.0,3.733,0.125,151
RND_0152,Random_50M_150M,Random_50M_150M,18,384,12,12,64,64,608,53.168,32,2071.5,1.583,1.0,152
RND_0153,Random_50M_150M,Random_50M_150M,19,384,4,4,64,32,1536,58.552,64,2148.0,4.0,1.0,153
RND_0154,Random_50M_150M,Random_50M_150M,24,544,6,6,16,16,1856,105.102,32,3565.8,3.412,1.0,154
RND_0155,Random_50M_150M,Random_50M_150M,19,608,2,1,32,48,2528,120.986,32,5235.7,4.158,0.5,155
RND_0156,Random_50M_150M,Random_50M_150M,22,448,4,4,48,64,2176,95.726,64,3458.0,4.857,1.0,156
RND_0157,Random_50M_150M,Random_50M_150M,14,576,16,8,64,16,1632,83.945,32,4322.2,2.833,0.5,157
RND_0158,Random_50M_150M,Random_50M_150M,20,384,16,1,64,48,1568,70.079,32,2793.8,4.083,0.062,158
RND_0159,Random_50M_150M,Random_50M_150M,18,640,4,4,16,16,3200,145.752,64,6555.0,5.0,1.0,159
RND_0160,Random_50M_150M,Random_50M_150M,15,640,4,2,16,16,1376,73.676,32,3047.5,2.15,0.5,160
RND_0161,Random_50M_150M,Random_50M_150M,25,416,16,1,16,16,2176,94.498,32,3238.6,5.231,0.062,161
RND_0162,Random_50M_150M,Random_50M_150M,14,608,12,4,32,64,2272,101.683,32,5588.4,3.737,0.333,162
RND_0163,Random_50M_150M,Random_50M_150M,24,480,16,16,32,16,2464,127.02,32,4715.6,5.133,1.0,163
RND_0164,Random_50M_150M,Random_50M_150M,12,576,16,8,64,64,2176,95.331,64,5746.5,3.778,0.5,164
RND_0165,Random_50M_150M,Random_50M_150M,22,448,12,4,48,48,2432,109.603,64,4112.5,5.429,0.333,165
RND_0166,Random_50M_150M,Random_50M_150M,27,416,4,1,16,16,1984,89.602,32,2799.9,4.769,0.25,166
RND_0167,Random_50M_150M,Random_50M_150M,19,512,4,2,16,48,1888,84.606,32,3410.0,3.688,0.5,167
RND_0168,Random_50M_150M,Random_50M_150M,25,384,4,4,64,32,2112,87.536,64,2836.5,5.5,1.0,168
RND_0169,Random_50M_150M,Random_50M_150M,11,544,12,12,16,16,2880,83.662,32,5631.2,5.294,1.0,169
RND_0170,Random_50M_150M,Random_50M_150M,24,448,2,1,32,48,1472,72.62,32,2298.6,3.286,0.5,170
RND_0171,Random_50M_150M,Random_50M_150M,17,448,12,3,64,64,1760,77.381,32,3550.8,3.929,0.25,171
RND_0172,Random_50M_150M,Random_50M_150M,28,288,1,1,32,64,1536,53.214,32,1523.2,5.333,1.0,172
RND_0173,Random_50M_150M,Random_50M_150M,8,576,4,2,64,32,1568,53.297,32,3350.2,2.722,0.5,173
RND_0174,Random_50M_150M,Random_50M_150M,9,608,6,3,48,48,2336,73.654,32,5267.8,3.842,0.5,174
RND_0175,Random_50M_150M,Random_50M_150M,18,416,16,2,16,64,1536,66.225,32,2770.6,3.692,0.125,175
RND_0176,Random_50M_150M,Random_50M_150M,23,448,16,1,16,32,1440,75.478,32,2534.9,3.214,0.062,176
RND_0177,Random_50M_150M,Random_50M_150M,26,512,1,1,32,48,2112,112.26,16,4068.0,4.125,1.0,177
RND_0178,Random_50M_150M,Random_50M_150M,12,608,6,2,32,64,1792,75.413,32,4113.5,2.947,0.333,178
RND_0179,Random_50M_150M,Random_50M_150M,28,288,6,2,48,16,1504,55.02,32,1594.1,5.222,0.333,179
RND_0180,Random_50M_150M,Random_50M_150M,28,352,16,1,48,48,800,57.47,32,1564.8,2.273,0.062,180
RND_0181,Random_50M_150M,Random_50M_150M,10,512,12,12,48,16,1344,54.261,64,2966.0,2.625,1.0,181
RND_0182,Random_50M_150M,Random_50M_150M,9,640,16,2,48,64,3008,95.779,64,7341.2,4.7,0.125,182
RND_0183,Random_50M_150M,Random_50M_150M,26,288,16,4,32,48,1440,58.833,32,1877.6,5.0,0.25,183
RND_0184,Random_50M_150M,Random_50M_150M,19,544,1,1,64,32,1472,75.01,32,2762.5,2.706,1.0,184
RND_0185,Random_50M_150M,Random_50M_150M,10,448,2,2,16,16,2240,53.213,32,3377.5,5.0,1.0,185
RND_0186,Random_50M_150M,Random_50M_150M,27,384,2,1,16,32,1600,70.6,64,1975.9,4.167,0.5,186
RND_0187,Random_50M_150M,Random_50M_150M,20,640,4,1,32,48,2048,115.98,64,4355.6,3.2,0.25,187
RND_0188,Random_50M_150M,Random_50M_150M,28,384,12,12,48,64,704,70.952,64,1918.5,1.833,1.0,188
RND_0189,Random_50M_150M,Random_50M_150M,20,448,12,2,64,16,1248,66.133,32,2401.0,2.786,0.167,189
RND_0190,Random_50M_150M,Random_50M_150M,26,352,2,2,48,48,1088,51.114,32,1416.2,3.091,1.0,190
RND_0191,Random_50M_150M,Random_50M_150M,16,544,2,2,64,16,2208,87.816,32,4158.6,4.059,1.0,191
RND_0192,Random_50M_150M,Random_50M_150M,28,352,1,1,16,16,1248,55.262,16,1641.8,3.545,1.0,192
RND_0193,Random_50M_150M,Random_50M_150M,13,608,12,4,32,64,1760,84.462,32,4562.4,2.895,0.333,193
RND_0194,Random_50M_150M,Random_50M_150M,8,512,16,8,64,64,1216,53.274,64,3578.0,2.375,0.5,194
RND_0195,Random_50M_150M,Random_50M_150M,8,640,2,1,48,16,1952,63.151,32,4262.5,3.05,0.5,195
RND_0196,Random_50M_150M,Random_50M_150M,20,544,12,12,16,64,1440,95.275,32,3737.9,2.647,1.0,196
RND_0197,Random_50M_150M,Random_50M_150M,7,512,6,6,32,64,2752,59.465,64,5006.0,5.375,1.0,197
RND_0198,Random_50M_150M,Random_50M_150M,13,480,16,4,48,16,1856,66.88,32,3618.8,3.867,0.25,198
RND_0199,Random_50M_150M,Random_50M_150M,28,352,16,2,48,64,1440,80.178,32,2455.8,4.091,0.125,199
RND_0200,Random_50M_150M,Random_50M_150M,26,416,2,1,64,48,2016,90.0,32,2924.2,4.846,0.5,200
RND_0201,Random_50M_150M,Random_50M_150M,14,512,16,1,32,32,1088,56.956,64,2320.0,2.125,0.062,201
RND_0202,Random_50M_150M,Random_50M_150M,14,608,6,3,48,48,2848,110.672,32,6293.8,4.684,0.5,202
RND_0203,Random_50M_150M,Random_50M_150M,16,512,16,2,48,64,1792,86.32,64,3935.0,3.5,0.125,203
RND_0204,Random_50M_150M,Random_50M_150M,18,576,2,1,32,48,3104,128.025,32,6053.6,5.389,0.5,204
RND_0205,Random_50M_150M,Random_50M_150M,12,640,12,6,64,48,960,69.797,64,3261.2,1.5,0.5,205
RND_0206,Random_50M_150M,Random_50M_150M,28,512,12,3,32,16,1760,111.805,32,3383.0,3.438,0.25,206
RND_0207,Random_50M_150M,Random_50M_150M,8,640,6,3,48,32,2848,79.617,32,6523.8,4.45,0.5,207
RND_0208,Random_50M_150M,Random_50M_150M,22,544,8,8,48,32,2432,130.026,32,5134.0,4.471,1.0,208
RND_0209,Random_50M_150M,Random_50M_150M,8,608,16,4,32,64,1024,54.857,32,3344.0,1.684,0.25,209
RND_0210,Random_50M_150M,Random_50M_150M,28,416,12,4,48,48,1696,98.11,32,3033.9,4.077,0.333,210
RND_0211,Random_50M_150M,Random_50M_150M,13,576,6,3,48,32,1984,78.938,64,3996.6,3.444,0.5,211
RND_0212,Random_50M_150M,Random_50M_150M,23,384,16,16,16,48,480,50.14,32,1477.5,1.25,1.0,212
RND_0213,Random_50M_150M,Random_50M_150M,22,544,8,8,64,16,1248,87.515,32,3011.1,2.294,1.0,213
RND_0214,Random_50M_150M,Random_50M_150M,21,448,16,1,48,64,1728,89.237,64,3301.8,3.857,0.062,214
RND_0215,Random_50M_150M,Random_50M_150M,11,544,4,2,16,48,1312,53.215,32,2590.4,2.412,0.5,215
RND_0216,Random_50M_150M,Random_50M_150M,23,544,2,1,64,64,1568,91.051,32,3049.4,2.882,0.5,216
RND_0217,Random_50M_150M,Random_50M_150M,7,640,4,2,64,32,1440,54.117,32,3452.5,2.25,0.5,217
RND_0218,Random_50M_150M,Random_50M_150M,15,544,1,1,32,64,1088,55.574,32,2074.0,2.0,1.0,218
RND_0219,Random_50M_150M,Random_50M_150M,8,608,1,1,64,32,2208,63.729,32,4562.4,3.632,1.0,219
RND_0220,Random_50M_150M,Random_50M_150M,7,640,6,6,16,48,2848,73.901,32,6557.5,4.45,1.0,220
RND_0221,Random_50M_150M,Random_50M_150M,24,384,12,1,64,64,1632,79.793,32,2773.5,4.25,0.083,221
RND_0222,Random_50M_150M,Random_50M_150M,17,576,6,3,64,32,2784,119.231,32,5841.0,4.833,0.5,222
RND_0223,Random_50M_150M,Random_50M_150M,14,480,1,1,32,48,2432,74.255,16,4376.2,5.067,1.0,223
RND_0224,Random_50M_150M,Random_50M_150M,28,544,12,1,64,16,1504,111.969,32,3326.7,2.765,0.083,224
RND_0225,Random_50M_150M,Random_50M_150M,6,640,1,1,32,64,3424,72.362,32,7367.5,5.35,1.0,225
RND_0226,Random_50M_150M,Random_50M_150M,23,448,8,8,48,16,2272,103.34,32,3865.8,5.071,1.0,226
RND_0227,Random_50M_150M,Random_50M_150M,24,320,16,1,48,64,992,53.592,32,1720.6,3.1,0.062,227
RND_0228,Random_50M_150M,Random_50M_150M,23,416,6,3,64,16,1536,71.924,32,2441.6,3.692,0.5,228
RND_0229,Random_50M_150M,Random_50M_150M,27,544,6,3,48,16,1920,120.462,32,3795.2,3.529,0.5,229
RND_0230,Random_50M_150M,Random_50M_150M,25,320,8,4,16,64,1664,63.731,64,1981.2,5.2,0.5,230
RND_0231,Random_50M_150M,Random_50M_150M,12,576,12,1,16,16,3136,96.88,64,5880.4,5.444,0.083,231
RND_0232,Random_50M_150M,Random_50M_150M,24,448,16,2,48,16,2272,108.231,32,3928.8,5.071,0.125,232
RND_0233,Random_50M_150M,Random_50M_150M,25,608,6,6,64,32,2112,144.435,32,5011.2,3.474,1.0,233
RND_0234,Random_50M_150M,Random_50M_150M,18,352,1,1,32,16,1888,54.212,16,2480.5,5.364,1.0,234
RND_0235,Random_50M_150M,Random_50M_150M,17,640,8,4,16,64,2848,135.612,32,6692.5,4.45,0.5,235
RND_0236,Random_50M_150M,Random_50M_150M,6,576,16,4,32,32,1792,51.966,64,3987.0,3.111,0.25,236
RND_0237,Random_50M_150M,Random_50M_150M,22,448,4,2,64,16,1888,83.11,32,3031.0,4.214,0.5,237
RND_0238,Random_50M_150M,Random_50M_150M,18,608,16,16,32,64,2368,141.967,32,6806.8,3.895,1.0,238
RND_0239,Random_50M_150M,Random_50M_150M,17,576,12,2,32,64,1920,98.55,64,4254.8,3.333,0.167,239
RND_0240,Random_50M_150M,Random_50M_150M,12,576,16,2,64,16,1152,62.817,64,2935.1,2.0,0.125,240
RND_0241,Random_50M_150M,Random_50M_150M,28,640,1,1,64,32,1920,138.897,32,4195.0,3.0,1.0,241
RND_0242,Random_50M_150M,Random_50M_150M,15,576,16,16,64,48,3136,141.234,64,7773.8,5.444,1.0,242
RND_0243,Random_50M_150M,Random_50M_150M,15,608,16,1,64,48,1312,83.854,32,3910.4,2.158,0.062,243
RND_0244,Random_50M_150M,Random_50M_150M,22,544,8,8,16,16,1568,89.813,32,3125.9,2.882,1.0,244
RND_0245,Random_50M_150M,Random_50M_150M,20,640,2,2,48,48,2144,119.461,32,4802.5,3.35,1.0,245
RND_0246,Random_50M_150M,Random_50M_150M,28,384,6,6,48,32,768,54.437,64,1306.5,2.0,1.0,246
RND_0247,Random_50M_150M,Random_50M_150M,15,544,8,4,64,32,2656,101.792,32,5459.1,4.882,0.5,247
RND_0248,Random_50M_150M,Random_50M_150M,25,544,8,4,16,48,2528,140.982,32,5000.1,4.647,0.5,248
RND_0249,Random_50M_150M,Random_50M_150M,18,544,1,1,16,32,2400,98.822,32,4369.0,4.412,1.0,249
RND_0250,Random_50M_150M,Random_50M_150M,9,576,12,12,32,16,2432,72.764,64,5058.0,4.222,1.0,250
RND_0251,Random_50M_150M,Random_50M_150M,24,576,4,1,16,32,1536,96.023,64,2906.4,2.667,0.25,251
RND_0252,Random_50M_150M,Random_50M_150M,23,608,8,4,48,64,1504,112.503,32,3921.1,2.474,0.5,252
RND_0253,Random_50M_150M,Random_50M_150M,21,352,4,4,48,32,1344,52.256,32,1812.2,3.818,1.0,253
RND_0254,Random_50M_150M,Random_50M_150M,12,544,8,2,32,48,2112,73.95,32,4273.4,3.882,0.25,254
RND_0255,Random_50M_150M,Random_50M_150M,18,544,1,1,48,48,768,51.82,16,1666.0,1.412,1.0,255
RND_0256,Random_50M_150M,Random_50M_150M,10,640,12,12,16,32,1952,77.042,32,4937.5,3.05,1.0,256
RND_0257,Random_50M_150M,Random_50M_150M,25,576,6,3,16,32,992,78.081,32,2165.6,1.722,0.5,257
RND_0258,Random_50M_150M,Random_50M_150M,24,416,8,2,48,48,1408,72.704,32,2375.8,3.385,0.25,258
RND_0259,Random_50M_150M,Random_50M_150M,16,544,16,8,16,16,1568,75.003,32,3278.9,2.882,0.5,259
RND_0260,Random_50M_150M,Random_50M_150M,24,384,16,2,16,16,1728,72.42,64,2301.0,4.5,0.125,260
RND_0261,Random_50M_150M,Random_50M_150M,28,576,1,1,64,16,2176,136.877,16,4711.5,3.778,1.0,261
RND_0262,Random_50M_150M,Random_50M_150M,27,352,12,1,48,32,1760,77.794,32,2449.6,5.0,0.083,262
RND_0263,Random_50M_150M,Random_50M_150M,27,480,8,2,48,32,1152,79.333,32,2251.9,2.4,0.25,263
RND_0264,Random_50M_150M,Random_50M_150M,26,512,4,2,64,16,704,60.29,64,1385.0,1.375,0.5,264
RND_0265,Random_50M_150M,Random_50M_150M,11,448,16,8,32,48,1280,50.921,64,2684.5,2.857,0.5,265
RND_0266,Random_50M_150M,Random_50M_150M,13,640,8,8,48,32,3360,126.714,32,7997.5,5.25,1.0,266
RND_0267,Random_50M_150M,Random_50M_150M,4,608,16,8,64,16,3136,58.116,32,7576.2,5.158,0.5,267
RND_0268,Random_50M_150M,Random_50M_150M,24,576,4,4,64,16,1696,108.188,32,3633.8,2.944,1.0,268
RND_0269,Random_50M_150M,Random_50M_150M,18,640,4,2,48,64,2112,112.943,64,4663.8,3.3,0.5,269
RND_0270,Random_50M_150M,Random_50M_150M,26,608,16,1,48,48,1664,135.332,32,4434.1,2.737,0.062,270
RND_0271,Random_50M_150M,Random_50M_150M,15,448,8,4,48,32,2208,73.507,32,3739.8,4.929,0.5,271
RND_0272,Random_50M_150M,Random_50M_150M,25,352,4,2,64,16,1440,59.966,32,1861.8,4.091,0.5,272
RND_0273,Random_50M_150M,Random_50M_150M,27,512,4,4,48,32,1920,114.261,64,3408.0,3.75,1.0,273
RND_0274,Random_50M_150M,Random_50M_150M,25,640,8,1,16,64,1920,135.909,64,4313.1,3.0,0.125,274
RND_0275,Random_50M_150M,Random_50M_150M,8,640,2,1,48,32,2464,71.261,32,5376.2,3.85,0.5,275
RND_0276,Random_50M_150M,Random_50M_150M,18,640,2,1,32,48,2080,106.861,32,4566.2,3.25,0.5,276
RND_0277,Random_50M_150M,Random_50M_150M,8,576,16,4,64,16,2432,69.96,64,5325.8,4.222,0.25,277
RND_0278,Random_50M_150M,Random_50M_150M,8,576,16,2,48,16,2720,71.877,32,5901.8,4.722,0.125,278
RND_0279,Random_50M_150M,Random_50M_150M,6,640,6,2,32,32,1888,55.896,32,4352.5,2.95,0.333,279
RND_0280,Random_50M_150M,Random_50M_150M,8,512,16,4,32,48,2528,63.366,32,5174.0,4.938,0.25,280
RND_0281,Random_50M_150M,Random_50M_150M,16,512,1,1,32,64,1120,54.863,32,2006.0,2.188,1.0,281
RND_0282,Random_50M_150M,Random_50M_150M,28,480,1,1,16,16,1632,90.84,16,2913.8,3.4,1.0,282
RND_0283,Random_50M_150M,Random_50M_150M,25,416,2,1,48,64,2144,91.336,32,3099.7,5.154,0.5,283
RND_0284,Random_50M_150M,Random_50M_150M,22,448,2,2,48,32,1952,83.426,32,3046.8,4.357,1.0,284
RND_0285,Random_50M_150M,Random_50M_150M,17,416,6,6,16,32,1504,56.918,32,2331.9,3.615,1.0,285
RND_0286,Random_50M_150M,Random_50M_150M,21,384,6,6,64,48,1728,71.973,32,2760.0,4.5,1.0,286
RND_0287,Random_50M_150M,Random_50M_150M,17,384,12,3,32,32,1600,56.926,64,2301.0,4.167,0.25,287
RND_0288,Random_50M_150M,Random_50M_150M,15,608,2,2,48,16,928,58.318,32,2040.1,1.526,1.0,288
RND_0289,Random_50M_150M,Random_50M_150M,20,448,16,8,48,16,704,55.238,64,1702.8,1.571,0.5,289
RND_0290,Random_50M_150M,Random_50M_150M,26,544,1,1,48,48,1440,91.215,16,3004.8,2.647,1.0,290
RND_0291,Random_50M_150M,Random_50M_150M,15,576,6,6,16,16,2912,107.78,32,5780.2,5.056,1.0,291
RND_0292,Random_50M_150M,Random_50M_150M,14,480,8,4,32,32,2144,72.535,32,3804.4,4.467,0.5,292
RND_0293,Random_50M_150M,Random_50M_150M,5,576,1,1,48,16,3040,55.594,16,6511.5,5.278,1.0,293
RND_0294,Random_50M_150M,Random_50M_150M,7,640,8,1,32,32,2432,67.45,64,5237.5,3.8,0.125,294
RND_0295,Random_50M_150M,Random_50M_150M,26,480,16,1,32,48,1856,110.635,32,3660.9,3.867,0.062,295
RND_0296,Random_50M_150M,Random_50M_150M,15,608,8,8,16,32,1952,91.004,32,4434.1,3.211,1.0,296
RND_0297,Random_50M_150M,Random_50M_150M,24,544,1,1,16,48,2144,113.04,16,4364.8,3.941,1.0,297
RND_0298,Random_50M_150M,Random_50M_150M,15,544,12,4,32,64,832,60.274,32,2418.2,1.529,0.333,298
RND_0299,Random_50M_150M,Random_50M_150M,7,640,6,2,48,16,3264,78.345,32,7255.0,5.1,0.333,299
RND_0300,Random_50M_150M,Random_50M_150M,17,512,12,4,16,64,2048,90.385,64,3952.0,4.0,0.333,300
RND_0301,Random_50M_150M,Random_50M_150M,16,640,16,8,48,48,2400,129.527,32,6692.5,3.75,0.5,301
RND_0302,Random_50M_150M,Random_50M_150M,20,448,2,2,64,48,2208,85.917,32,3487.8,4.929,1.0,302
RND_0303,Random_50M_150M,Random_50M_150M,14,640,16,1,48,16,1472,81.517,64,3665.0,2.3,0.062,303
RND_0304,Random_50M_150M,Random_50M_150M,6,576,1,1,64,48,2784,58.601,16,6039.0,4.833,1.0,304
RND_0305,Random_50M_150M,Random_50M_150M,16,352,12,6,64,48,1824,59.886,32,2901.2,5.182,0.5,305
RND_0306,Random_50M_150M,Random_50M_150M,25,512,4,2,16,48,1952,105.655,32,3518.0,3.812,0.5,306
RND_0307,Random_50M_150M,Random_50M_150M,27,384,4,2,16,48,2080,88.018,32,2800.5,5.417,0.5,307
RND_0308,Random_50M_150M,Random_50M_150M,10,608,6,1,16,16,1888,66.38,32,3942.5,3.105,0.167,308
RND_0309,Random_50M_150M,Random_50M_150M,16,512,1,1,64,16,1984,75.834,16,3828.0,3.875,1.0,309
RND_0310,Random_50M_150M,Random_50M_150M,15,416,2,2,16,16,2016,59.471,32,2829.1,4.846,1.0,310
RND_0311,Random_50M_150M,Random_50M_150M,17,576,4,1,32,16,1344,70.819,64,2562.2,2.333,0.25,311
RND_0312,Random_50M_150M,Random_50M_150M,9,608,12,6,64,64,2048,76.806,32,5652.5,3.368,0.5,312
RND_0313,Random_50M_150M,Random_50M_150M,24,576,2,1,16,48,1248,83.415,32,2499.8,2.167,0.5,313
RND_0314,Random_50M_150M,Random_50M_150M,21,608,4,4,64,16,2304,127.032,32,5054.0,3.789,1.0,314
RND_0315,Random_50M_150M,Random_50M_150M,17,448,8,8,48,48,1408,66.414,64,2684.5,3.143,1.0,315
RND_0316,Random_50M_150M,Random_50M_150M,15,576,8,1,16,64,2080,89.118,32,4413.4,3.611,0.125,316
RND_0317,Random_50M_150M,Random_50M_150M,23,384,16,8,16,32,1760,76.142,32,2719.5,4.583,0.5,317
RND_0318,Random_50M_150M,Random_50M_150M,9,608,12,6,48,48,2560,82.059,32,6293.8,4.211,0.5,318
RND_0319,Random_50M_150M,Random_50M_150M,16,640,4,1,64,16,1344,77.59,64,2953.1,2.1,0.25,319
RND_0320,Random_50M_150M,Random_50M_150M,27,512,12,2,64,48,1952,128.417,32,4184.0,3.812,0.167,320
RND_0321,Random_50M_150M,Random_50M_150M,13,608,12,4,64,64,1888,91.544,32,5160.9,3.105,0.333,321
RND_0322,Random_50M_150M,Random_50M_150M,23,288,16,2,16,48,1568,53.291,32,1857.4,5.444,0.125,322
RND_0323,Random_50M_150M,Random_50M_150M,14,640,2,2,16,16,2432,98.72,32,5230.0,3.8,1.0,323
RND_0324,Random_50M_150M,Random_50M_150M,24,544,6,6,32,16,896,70.007,32,1959.2,1.647,1.0,324
RND_0325,Random_50M_150M,Random_50M_150M,20,512,1,1,32,48,2080,91.309,16,4008.0,4.062,1.0,325
RND_0326,Random_50M_150M,Random_50M_150M,8,608,8,1,64,16,1408,54.624,32,3311.9,2.316,0.125,326
RND_0327,Random_50M_150M,Random_50M_150M,22,480,1,1,16,48,2496,104.591,16,4470.0,5.2,1.0,327
RND_0328,Random_50M_150M,Random_50M_150M,12,576,6,3,64,64,1184,61.49,32,2985.8,2.056,0.5,328
RND_0329,Random_50M_150M,Random_50M_150M,14,544,4,2,16,32,1024,52.961,32,2016.6,1.882,0.5,329
RND_0330,Random_50M_150M,Random_50M_150M,15,640,8,4,64,48,3296,140.031,32,7907.5,5.15,0.5,330
RND_0331,Random_50M_150M,Random_50M_150M,24,448,4,1,48,16,2272,99.285,32,3519.2,5.071,0.25,331
RND_0332,Random_50M_150M,Random_50M_150M,12,640,1,1,32,32,2112,81.839,32,4555.0,3.3,1.0,332
RND_0333,Random_50M_150M,Random_50M_150M,28,288,16,2,64,32,928,50.891,32,1432.1,3.222,0.125,333
RND_0334,Random_50M_150M,Random_50M_150M,13,544,6,6,16,64,2592,89.15,32,5229.6,4.765,1.0,334
RND_0335,Random_50M_150M,Random_50M_150M,22,608,1,1,64,64,2496,134.194,32,5182.2,4.105,1.0,335
RND_0336,Random_50M_150M,Random_50M_150M,24,544,16,1,64,48,2016,131.214,32,4761.1,3.706,0.062,336
RND_0337,Random_50M_150M,Random_50M_150M,15,512,2,2,32,48,1696,67.296,32,3050.0,3.312,1.0,337
RND_0338,Random_50M_150M,Random_50M_150M,12,416,8,4,64,64,1824,55.911,32,3209.4,4.385,0.5,338
RND_0339,Random_50M_150M,Random_50M_150M,18,352,16,8,16,64,1888,65.768,32,2938.4,5.364,0.5,339
RND_0340,Random_50M_150M,Random_50M_150M,22,480,1,1,64,16,1216,64.379,16,2238.8,2.533,1.0,340
RND_0341,Random_50M_150M,Random_50M_150M,12,608,12,12,64,16,3232,115.336,32,7768.6,5.316,1.0,341
RND_0342,Random_50M_150M,Random_50M_150M,27,288,16,16,48,48,1536,74.225,32,2434.5,5.333,1.0,342
RND_0343,Random_50M_150M,Random_50M_150M,28,608,1,1,16,16,1504,108.527,16,3405.8,2.474,1.0,343
RND_0344,Random_50M_150M,Random_50M_150M,28,608,16,4,16,16,1408,113.43,32,3258.5,2.316,0.25,344
RND_0345,Random_50M_150M,Random_50M_150M,25,416,8,1,16,16,1216,61.883,32,1805.4,2.923,0.125,345
RND_0346,Random_50M_150M,Random_50M_150M,7,640,4,2,64,32,2720,71.32,32,6152.5,4.25,0.5,346
RND_0347,Random_50M_150M,Random_50M_150M,14,448,4,4,16,16,2272,66.896,32,3487.8,5.071,1.0,347
RND_0348,Random_50M_150M,Random_50M_150M,8,608,8,2,64,48,2176,67.776,32,5118.1,3.579,0.25,348
RND_0349,Random_50M_150M,Random_50M_150M,17,576,16,1,16,16,1728,85.076,64,3432.4,3.0,0.062,349
RND_0350,Random_50M_150M,Random_50M_150M,23,576,2,1,16,64,1024,72.879,64,1988.4,1.778,0.5,350
RND_0351,Random_50M_150M,Random_50M_150M,25,480,4,4,64,32,1920,102.508,32,3450.0,4.0,1.0,351
RND_0352,Random_50M_150M,Random_50M_150M,14,416,8,4,32,48,1696,56.154,32,2770.6,4.077,0.5,352
RND_0353,Random_50M_150M,Random_50M_150M,8,576,12,6,64,48,2880,78.07,64,6377.6,5.0,0.5,353
RND_0354,Random_50M_150M,Random_50M_150M,15,512,6,3,32,32,1504,64.839,32,2870.0,2.938,0.5,354
RND_0355,Random_50M_150M,Random_50M_150M,19,416,6,6,48,32,1184,56.602,32,2068.6,2.846,1.0,355
RND_0356,Random_50M_150M,Random_50M_150M,26,544,2,1,16,48,1952,112.94,32,3623.1,3.588,0.5,356
RND_0357,Random_50M_150M,Random_50M_150M,22,320,6,1,32,64,1440,51.254,32,1760.0,4.5,0.167,357
RND_0358,Random_50M_150M,Random_50M_150M,27,448,2,1,48,16,1024,62.045,32,1613.5,2.286,0.5,358
RND_0359,Random_50M_150M,Random_50M_150M,5,544,2,2,48,64,2816,51.548,32,5325.2,5.176,1.0,359
RND_0360,Random_50M_150M,Random_50M_150M,19,416,16,1,32,16,2080,76.71,32,3231.3,5.0,0.062,360
RND_0361,Random_50M_150M,Random_50M_150M,8,640,4,1,48,32,1728,60.776,64,3718.1,2.7,0.25,361
RND_0362,Random_50M_150M,Random_50M_150M,17,512,6,6,48,32,1696,78.409,32,3410.0,3.312,1.0,362
RND_0363,Random_50M_150M,Random_50M_150M,16,384,6,6,32,16,1792,55.893,32,2517.0,4.667,1.0,363
RND_0364,Random_50M_150M,Random_50M_150M,5,640,16,16,64,32,1216,53.682,64,4472.5,1.9,1.0,364
RND_0365,Random_50M_150M,Random_50M_150M,10,544,6,2,64,16,2464,71.056,32,4808.9,4.529,0.333,365
RND_0366,Random_50M_150M,Random_50M_150M,12,512,12,12,16,64,2784,88.868,32,5786.0,5.438,1.0,366
RND_0367,Random_50M_150M,Random_50M_150M,21,352,2,1,48,32,1856,60.653,32,2251.6,5.273,0.5,367
RND_0368,Random_50M_150M,Random_50M_150M,16,640,8,1,16,48,2848,125.595,32,6422.5,4.45,0.125,368
RND_0369,Random_50M_150M,Random_50M_150M,22,640,16,16,32,48,1408,127.74,64,4515.0,2.2,1.0,369
RND_0370,Random_50M_150M,Random_50M_150M,21,352,16,1,32,64,1344,59.589,32,2195.9,3.818,0.062,370
RND_0371,Random_50M_150M,Random_50M_150M,27,512,16,4,32,64,672,80.199,32,2222.0,1.312,0.25,371
RND_0372,Random_50M_150M,Random_50M_150M,19,576,4,2,48,64,2080,104.637,32,4383.0,3.611,0.5,372
RND_0373,Random_50M_150M,Random_50M_150M,28,608,6,1,64,64,736,83.467,32,2082.9,1.211,0.167,373
RND_0374,Random_50M_150M,Random_50M_150M,28,448,2,2,16,32,2240,109.27,64,3220.0,5.0,1.0,374
RND_0375,Random_50M_150M,Random_50M_150M,11,512,2,1,48,32,1888,59.006,32,3329.0,3.688,0.5,375
RND_0376,Random_50M_150M,Random_50M_150M,23,448,1,1,64,32,928,53.222,32,1471.8,2.071,1.0,376
RND_0377,Random_50M_150M,Random_50M_150M,25,448,4,4,32,48,1344,74.887,64,2178.8,3.0,1.0,377
RND_0378,Random_50M_150M,Random_50M_150M,19,576,2,2,16,64,2912,128.101,32,5739.8,5.056,1.0,378
RND_0379,Random_50M_150M,Random_50M_150M,19,448,1,1,32,16,1056,50.333,16,1792.0,2.357,1.0,379
RND_0380,Random_50M_150M,Random_50M_150M,21,544,8,4,64,64,2528,131.573,32,5459.1,4.647,0.5,380
RND_0381,Random_50M_150M,Random_50M_150M,28,512,2,2,16,32,1120,76.711,32,2006.0,2.188,1.0,381
RND_0382,Random_50M_150M,Random_50M_150M,18,384,2,1,16,64,1408,50.182,64,1784.6,3.667,0.5,382
RND_0383,Random_50M_150M,Random_50M_150M,19,480,2,1,64,64,1600,71.438,32,2741.2,3.333,0.5,383
RND_0384,Random_50M_150M,Random_50M_150M,21,512,16,1,64,16,1152,77.557,64,2566.5,2.25,0.062,384
RND_0385,Random_50M_150M,Random_50M_150M,21,448,12,1,16,64,2304,97.366,64,3703.4,5.143,0.083,385
RND_0386,Random_50M_150M,Random_50M_150M,24,608,8,8,48,48,992,96.454,32,3023.4,1.632,1.0,386
RND_0387,Random_50M_150M,Random_50M_150M,8,544,8,1,64,64,2240,61.617,32,4713.2,4.118,0.125,387
RND_0388,Random_50M_150M,Random_50M_150M,17,416,4,2,16,48,1280,50.808,32,1937.0,3.077,0.5,388
RND_0389,Random_50M_150M,Random_50M_150M,24,512,6,6,64,16,1184,81.225,32,2546.0,2.312,1.0,389
RND_0390,Random_50M_150M,Random_50M_150M,25,576,8,2,16,16,832,69.557,64,1692.0,1.444,0.25,390
RND_0391,Random_50M_150M,Random_50M_150M,24,480,6,2,48,48,2016,102.69,32,3601.9,4.2,0.333,391
RND_0392,Random_50M_150M,Random_50M_150M,17,416,16,8,16,48,1248,58.276,32,2419.6,3.0,0.5,392
RND_0393,Random_50M_150M,Random_50M_150M,27,384,1,1,32,64,1280,61.144,64,1612.5,3.333,1.0,393
RND_0394,Random_50M_150M,Random_50M_150M,21,608,16,1,48,32,2208,132.548,32,5342.6,3.632,0.062,394
RND_0395,Random_50M_150M,Random_50M_150M,17,576,1,1,16,16,2496,102.937,16,5319.0,4.333,1.0,395
RND_0396,Random_50M_150M,Random_50M_150M,25,448,2,2,16,64,1088,62.701,64,1673.0,2.429,1.0,396
RND_0397,Random_50M_150M,Random_50M_150M,23,640,1,1,16,64,1024,79.799,64,2156.2,1.6,1.0,397
RND_0398,Random_50M_150M,Random_50M_150M,19,576,2,1,64,48,1088,68.391,32,2287.1,1.889,0.5,398
RND_0399,Random_50M_150M,Random_50M_150M,20,576,8,2,64,48,1216,83.922,64,2858.6,2.111,0.25,399
RND_0400,Random_50M_150M,Random_50M_150M,13,480,12,4,48,64,2112,74.868,32,4293.8,4.4,0.333,400
RND_0401,Random_50M_150M,Random_50M_150M,13,640,4,1,32,16,1312,66.943,32,2946.2,2.05,0.25,401
RND_0402,Random_50M_150M,Random_50M_150M,19,448,6,1,32,64,1792,74.03,64,2818.4,4.0,0.167,402
RND_0403,Random_50M_150M,Random_50M_150M,10,640,2,1,48,48,832,50.008,32,1967.5,1.3,0.5,403
RND_0404,Random_50M_150M,Random_50M_150M,18,480,4,2,64,16,1728,73.095,32,2994.4,3.6,0.5,404
RND_0405,Random_50M_150M,Random_50M_150M,24,256,16,16,16,64,1312,52.802,32,1831.0,5.125,1.0,405
RND_0406,Random_50M_150M,Random_50M_150M,14,608,6,3,32,16,3040,111.898,32,6389.9,5.0,0.5,406
RND_0407,Random_50M_150M,Random_50M_150M,19,608,12,1,16,32,1120,76.626,32,2670.7,1.842,0.083,407
RND_0408,Random_50M_150M,Random_50M_150M,21,480,4,2,32,64,1984,89.966,32,3450.0,4.133,0.5,408
RND_0409,Random_50M_150M,Random_50M_150M,19,480,16,2,16,64,2144,95.953,32,4158.8,4.467,0.125,409
RND_0410,Random_50M_150M,Random_50M_150M,11,448,2,2,48,32,1888,52.024,32,2952.2,4.214,1.0,410
RND_0411,Random_50M_150M,Random_50M_150M,13,512,8,1,32,32,2752,84.545,64,4700.0,5.375,0.125,411
RND_0412,Random_50M_150M,Random_50M_150M,22,448,1,1,32,16,1280,61.348,16,2159.5,2.857,1.0,412
RND_0413,Random_50M_150M,Random_50M_150M,13,544,6,6,16,16,2496,83.039,32,4713.2,4.588,1.0,413
RND_0414,Random_50M_150M,Random_50M_150M,19,544,2,1,16,32,2272,99.32,32,4168.2,4.176,0.5,414
RND_0415,Random_50M_150M,Random_50M_150M,10,576,1,1,48,16,2880,79.475,16,6174.0,5.0,1.0,415
RND_0416,Random_50M_150M,Random_50M_150M,24,416,1,1,48,32,1312,61.842,32,1878.5,3.154,1.0,416
RND_0417,Random_50M_150M,Random_50M_150M,27,640,8,8,16,48,1568,131.214,32,4037.5,2.45,1.0,417
RND_0418,Random_50M_150M,Random_50M_150M,7,640,1,1,48,48,2208,62.719,16,5335.0,3.45,1.0,418
RND_0419,Random_50M_150M,Random_50M_150M,12,608,6,1,48,16,3232,104.597,32,6785.4,5.316,0.167,419
RND_0420,Random_50M_150M,Random_50M_150M,16,576,16,4,48,64,1760,98.29,32,4767.8,3.056,0.25,420
RND_0421,Random_50M_150M,Random_50M_150M,15,608,1,1,64,64,736,53.065,32,1655.4,1.211,1.0,421
RND_0422,Random_50M_150M,Random_50M_150M,17,448,8,1,48,32,1408,60.2,64,2305.2,3.143,0.125,422
RND_0423,Random_50M_150M,Random_50M_150M,15,480,2,1,16,16,1984,67.698,32,3196.9,4.133,0.5,423
RND_0424,Random_50M_150M,Random_50M_150M,13,384,1,1,16,16,2048,50.309,16,2916.0,5.333,1.0,424
RND_0425,Random_50M_150M,Random_50M_150M,23,384,4,4,48,48,992,52.401,32,1585.5,2.583,1.0,425
RND_0426,Random_50M_150M,Random_50M_150M,11,544,2,1,64,48,2144,67.864,32,4053.4,3.941,0.5,426
RND_0427,Random_50M_150M,Random_50M_150M,27,544,1,1,48,16,1952,115.292,16,3982.2,3.588,1.0,427
RND_0428,Random_50M_150M,Random_50M_150M,7,608,8,1,16,32,2944,70.001,32,6197.6,4.842,0.125,428
RND_0429,Random_50M_150M,Random_50M_150M,14,576,8,2,64,48,1664,78.268,64,3661.9,2.889,0.25,429
RND_0430,Random_50M_150M,Random_50M_150M,8,576,1,1,32,64,2272,61.26,32,4443.8,3.944,1.0,430
RND_0431,Random_50M_150M,Random_50M_150M,26,608,6,6,32,48,1344,109.534,32,3344.0,2.211,1.0,431
RND_0432,Random_50M_150M,Random_50M_150M,28,576,6,3,16,64,1440,110.298,32,3198.4,2.5,0.5,432
RND_0433,Random_50M_150M,Random_50M_150M,21,640,4,1,32,32,1376,92.0,32,3137.5,2.15,0.25,433
RND_0434,Random_50M_150M,Random_50M_150M,11,608,4,2,48,16,3040,94.146,32,6357.9,5.0,0.5,434
RND_0435,Random_50M_150M,Random_50M_150M,14,512,8,2,64,64,1344,63.837,64,2830.0,2.625,0.25,435
RND_0436,Random_50M_150M,Random_50M_150M,25,448,16,8,16,32,1024,69.869,64,1970.5,2.286,0.5,436
RND_0437,Random_50M_150M,Random_50M_150M,24,640,1,1,48,32,1056,83.345,32,2350.0,1.65,1.0,437
RND_0438,Random_50M_150M,Random_50M_150M,21,544,1,1,16,48,1888,93.554,16,3854.8,3.471,1.0,438
RND_0439,Random_50M_150M,Random_50M_150M,8,544,8,1,48,16,2720,65.377,32,5229.6,5.0,0.125,439
RND_0440,Random_50M_150M,Random_50M_150M,26,480,8,4,48,48,1504,94.86,32,2994.4,3.133,0.5,440
RND_0441,Random_50M_150M,Random_50M_150M,10,576,8,1,48,48,1600,61.596,64,3394.1,2.778,0.125,441
RND_0442,Random_50M_150M,Random_50M_150M,27,416,16,8,48,16,2112,109.371,32,3604.2,5.077,0.5,442
RND_0443,Random_50M_150M,Random_50M_150M,12,576,6,2,64,16,2304,81.176,32,4788.0,4.0,0.333,443
RND_0444,Random_50M_150M,Random_50M_150M,14,640,1,1,64,48,1088,63.453,16,2735.0,1.7,1.0,444
RND_0445,Random_50M_150M,Random_50M_150M,25,480,1,1,32,32,1792,90.22,32,2910.0,3.733,1.0,445
RND_0446,Random_50M_150M,Random_50M_150M,12,544,6,6,32,64,2304,80.008,32,4828.0,4.235,1.0,446
RND_0447,Random_50M_150M,Random_50M_150M,26,448,1,1,16,64,1440,74.745,32,2212.0,3.214,1.0,447
RND_0448,Random_50M_150M,Random_50M_150M,24,416,1,1,48,64,2240,90.276,32,3180.1,5.385,1.0,448
RND_0449,Random_50M_150M,Random_50M_150M,6,480,12,12,32,32,2592,50.954,32,4918.1,5.4,1.0,449
RND_0450,Random_50M_150M,Random_50M_150M,20,448,6,2,48,16,2368,90.791,32,3755.5,5.286,0.333,450
RND_0451,Random_50M_150M,Random_50M_150M,21,480,12,12,32,16,1504,81.257,32,2994.4,3.133,1.0,451
RND_0452,Random_50M_150M,Random_50M_150M,28,288,16,1,32,64,992,51.665,32,1462.5,3.444,0.062,452
RND_0453,Random_50M_150M,Random_50M_150M,16,576,2,2,16,32,1216,64.375,64,2304.0,2.111,1.0,453
RND_0454,Random_50M_150M,Random_50M_150M,14,608,12,6,64,64,1376,85.34,32,4305.9,2.263,0.5,454
RND_0455,Random_50M_150M,Random_50M_150M,13,448,4,4,48,64,2336,68.572,32,3897.2,5.214,1.0,455
RND_0456,Random_50M_150M,Random_50M_150M,12,448,2,1,48,16,2272,60.212,32,3456.2,5.071,0.5,456
RND_0457,Random_50M_150M,Random_50M_150M,19,480,12,1,48,32,928,59.035,32,2024.1,1.933,0.083,457
RND_0458,Random_50M_150M,Random_50M_150M,12,448,1,1,48,32,2272,60.04,32,3440.5,5.071,1.0,458
RND_0459,Random_50M_150M,Random_50M_150M,27,416,1,1,32,16,1376,68.396,16,2151.5,3.308,1.0,459
RND_0460,Random_50M_150M,Random_50M_150M,27,480,1,1,48,32,1056,67.307,32,1762.5,2.2,1.0,460
RND_0461,Random_50M_150M,Random_50M_150M,4,608,1,1,64,48,3136,53.992,16,7158.2,5.158,1.0,461
RND_0462,Random_50M_150M,Random_50M_150M,26,288,4,1,32,64,1568,53.322,32,1644.8,5.444,0.25,462
RND_0463,Random_50M_150M,Random_50M_150M,18,512,6,3,64,48,864,58.947,32,2033.0,1.688,0.5,463
RND_0464,Random_50M_150M,Random_50M_150M,16,608,6,2,64,48,2496,112.155,32,5609.8,4.105,0.333,464
RND_0465,Random_50M_150M,Random_50M_150M,9,640,12,12,32,16,1472,64.26,64,3707.5,2.3,1.0,465
RND_0466,Random_50M_150M,Random_50M_150M,19,512,2,1,64,64,2624,106.085,64,4394.0,5.125,0.5,466
RND_0467,Random_50M_150M,Random_50M_150M,16,576,6,1,32,48,1888,86.346,32,3947.6,3.278,0.167,467
RND_0468,Random_50M_150M,Random_50M_150M,28,352,6,1,16,32,1856,75.92,32,2288.7,5.273,0.167,468
RND_0469,Random_50M_150M,Random_50M_150M,22,448,1,1,64,16,1792,77.118,16,3034.5,4.0,1.0,469
RND_0470,Random_50M_150M,Random_50M_150M,28,448,12,2,48,64,896,75.953,64,1985.4,2.0,0.167,470
RND_0471,Random_50M_150M,Random_50M_150M,24,608,4,2,32,48,1248,92.252,32,2831.0,2.053,0.5,471
RND_0472,Random_50M_150M,Random_50M_150M,28,512,2,2,32,48,2528,139.101,32,4454.0,4.938,1.0,472
RND_0473,Random_50M_150M,Random_50M_150M,15,576,16,8,64,48,2240,110.268,64,5631.8,3.889,0.5,473
RND_0474,Random_50M_150M,Random_50M_150M,17,608,16,16,32,32,2176,119.24,32,5738.0,3.579,1.0,474
RND_0475,Random_50M_150M,Random_50M_150M,19,544,6,6,48,16,1280,75.01,32,2762.5,2.353,1.0,475
RND_0476,Random_50M_150M,Random_50M_150M,28,448,6,1,16,32,2400,117.097,32,3716.1,5.357,0.167,476
RND_0477,Random_50M_150M,Random_50M_150M,18,576,4,1,16,32,2400,106.128,32,4717.1,4.167,0.25,477
RND_0478,Random_50M_150M,Random_50M_150M,5,640,12,3,64,48,1856,55.372,64,4823.1,2.9,0.25,478
RND_0479,Random_50M_150M,Random_50M_150M,15,416,8,8,16,64,1760,61.867,32,3004.6,4.231,1.0,479
RND_0480,Random_50M_150M,Random_50M_150M,22,416,16,2,16,32,2144,87.717,32,3341.0,5.154,0.125,480
RND_0481,Random_50M_150M,Random_50M_150M,14,448,2,2,48,16,1632,54.854,32,2542.8,3.643,1.0,481
RND_0482,Random_50M_150M,Random_50M_150M,8,544,8,8,16,64,1696,55.071,32,3814.4,3.118,1.0,482
RND_0483,Random_50M_150M,Random_50M_150M,5,544,8,2,32,48,2560,50.417,32,5076.6,4.706,0.25,483
RND_0484,Random_50M_150M,Random_50M_150M,5,640,6,3,16,32,3200,64.28,64,6671.9,5.0,0.5,484
RND_0485,Random_50M_150M,Random_50M_150M,13,512,16,16,16,48,672,52.809,32,2294.0,1.312,1.0,485
RND_0486,Random_50M_150M,Random_50M_150M,11,608,2,1,16,48,1728,66.538,32,3600.5,2.842,0.5,486
RND_0487,Random_50M_150M,Random_50M_150M,21,512,4,2,48,16,2400,107.318,32,4274.0,4.688,0.5,487
RND_0488,Random_50M_150M,Random_50M_150M,17,448,12,2,48,32,2240,82.255,64,3651.4,5.0,0.167,488
RND_0489,Random_50M_150M,Random_50M_150M,9,640,16,16,32,48,896,62.417,64,3495.0,1.4,1.0,489
RND_0490,Random_50M_150M,Random_50M_150M,15,640,12,1,32,64,2560,117.912,64,5938.8,4.0,0.083,490
RND_0491,Random_50M_150M,Random_50M_150M,23,448,2,2,64,64,896,55.53,64,1494.5,2.0,1.0,491
RND_0492,Random_50M_150M,Random_50M_150M,16,576,1,1,16,32,1632,74.992,32,3168.0,2.833,1.0,492
RND_0493,Random_50M_150M,Random_50M_150M,15,640,2,2,64,32,2016,93.951,32,4532.5,3.15,1.0,493
RND_0494,Random_50M_150M,Random_50M_150M,22,448,1,1,48,48,1600,71.756,16,2737.0,3.571,1.0,494
RND_0495,Random_50M_150M,Random_50M_150M,13,544,16,4,16,32,2560,88.471,32,5172.2,4.706,0.25,495
RND_0496,Random_50M_150M,Random_50M_150M,17,640,16,16,48,16,1184,93.137,32,3947.5,1.85,1.0,496
RND_0497,Random_50M_150M,Random_50M_150M,14,448,4,1,32,64,2080,64.689,32,3314.5,4.643,0.25,497
RND_0498,Random_50M_150M,Random_50M_150M,24,320,16,4,48,48,1472,64.774,64,2108.8,4.6,0.25,498
RND_0499,Random_50M_150M,Random_50M_150M,26,448,4,1,64,48,896,60.395,64,1516.8,2.0,0.25,499
RND_0500,Random_50M_150M,Random_50M_150M,17,512,4,2,16,48,1984,80.915,64,3374.0,3.875,0.5,500
RND_0501,Random_50M_150M,Random_50M_150M,26,384,12,1,64,16,1600,77.646,64,2332.9,4.167,0.083,501
RND_0502,Random_50M_150M,Random_50M_150M,10,416,6,1,32,48,2176,50.41,32,3245.9,5.231,0.167,502
RND_0503,Random_50M_150M,Random_50M_150M,7,544,6,6,32,16,2144,54.042,32,4196.9,3.941,1.0,503
RND_0504,Random_50M_150M,Random_50M_150M,25,512,1,1,48,64,2464,123.268,32,4292.0,4.812,1.0,504
RND_0505,Random_50M_150M,Random_50M_150M,23,448,8,2,64,32,608,51.243,32,1377.2,1.357,0.25,505
RND_0506,Random_50M_150M,Random_50M_150M,17,576,12,12,32,32,2016,103.25,32,4808.2,3.5,1.0,506
RND_0507,Random_50M_150M,Random_50M_150M,21,448,12,12,48,16,2080,95.71,32,3834.2,4.643,1.0,507
RND_0508,Random_50M_150M,Random_50M_150M,17,544,16,16,48,48,2080,113.495,32,5573.9,3.824,1.0,508
RND_0509,Random_50M_150M,Random_50M_150M,16,608,6,6,64,64,1472,88.497,32,3985.2,2.421,1.0,509
RND_0510,Random_50M_150M,Random_50M_150M,26,512,2,2,16,48,2464,127.596,32,4310.0,4.812,1.0,510
RND_0511,Random_50M_150M,Random_50M_150M,20,448,6,6,32,64,1568,75.021,32,2889.2,3.5,1.0,511
RND_0512,Random_50M_150M,Random_50M_150M,20,576,2,2,64,64,768,61.435,64,1692.0,1.333,1.0,512
RND_0513,Random_50M_150M,Random_50M_150M,22,576,16,4,48,16,1056,85.364,32,2823.8,1.833,0.25,513
RND_0514,Random_50M_150M,Random_50M_150M,17,352,8,1,48,32,1888,55.917,32,2474.3,5.364,0.125,514
RND_0515,Random_50M_150M,Random_50M_150M,18,448,6,6,32,16,1824,71.319,32,2983.8,4.071,1.0,515
RND_0516,Random_50M_150M,Random_50M_150M,9,640,6,6,64,32,1216,59.836,64,3197.5,1.9,1.0,516
RND_0517,Random_50M_150M,Random_50M_150M,27,288,16,16,32,64,992,61.535,32,1918.1,3.444,1.0,517
RND_0518,Random_50M_150M,Random_50M_150M,22,576,1,1,48,32,1568,90.636,32,3087.0,2.722,1.0,518
RND_0519,Random_50M_150M,Random_50M_150M,27,576,2,2,32,64,1632,111.125,32,3350.2,2.833,1.0,519
RND_0520,Random_50M_150M,Random_50M_150M,9,576,12,12,64,48,1408,64.801,64,4140.0,2.444,1.0,520
RND_0521,Random_50M_150M,Random_50M_150M,28,288,4,1,64,32,1536,55.536,32,1614.4,5.333,0.25,521
RND_0522,Random_50M_150M,Random_50M_150M,25,416,1,1,48,16,1824,79.189,16,2850.2,4.385,1.0,522
RND_0523,Random_50M_150M,Random_50M_150M,27,416,16,16,16,32,1440,86.727,32,2682.9,3.462,1.0,523
RND_0524,Random_50M_150M,Random_50M_150M,7,512,6,3,16,32,2272,51.723,32,4085.0,4.438,0.5,524
RND_0525,Random_50M_150M,Random_50M_150M,14,448,6,3,16,48,1280,50.238,32,2180.5,2.857,0.5,525
RND_0526,Random_50M_150M,Random_50M_150M,26,480,12,12,16,32,2272,123.614,32,4209.4,4.733,1.0,526
RND_0527,Random_50M_150M,Random_50M_150M,5,640,1,1,32,32,2560,57.164,32,5500.0,4.0,1.0,527
RND_0528,Random_50M_150M,Random_50M_150M,21,544,16,4,32,32,2496,127.552,32,5248.8,4.588,0.25,528
RND_0529,Random_50M_150M,Random_50M_150M,26,480,8,1,48,64,2624,134.996,32,4690.3,5.467,0.125,529
RND_0530,Random_50M_150M,Random_50M_150M,17,416,8,4,16,64,1120,51.487,32,1980.9,2.692,0.5,530
RND_0531,Random_50M_150M,Random_50M_150M,13,640,12,12,16,48,3392,129.642,64,7787.5,5.3,1.0,531
RND_0532,Random_50M_150M,Random_50M_150M,20,448,2,1,16,32,1664,68.57,64,2394.4,3.714,0.5,532
RND_0533,Random_50M_150M,Random_50M_150M,5,544,6,3,48,32,2720,51.505,32,5315.7,5.0,0.5,533
RND_0534,Random_50M_150M,Random_50M_150M,26,544,2,2,48,16,2400,132.855,32,4464.6,4.412,1.0,534
RND_0535,Random_50M_150M,Random_50M_150M,13,640,6,1,32,16,2240,90.904,32,4971.2,3.5,0.167,535
RND_0536,Random_50M_150M,Random_50M_150M,20,416,2,2,64,16,1728,66.734,32,2522.0,4.154,1.0,536
RND_0537,Random_50M_150M,Random_50M_150M,28,544,6,2,16,48,1344,96.615,32,2724.2,2.471,0.333,537
RND_0538,Random_50M_150M,Random_50M_150M,7,576,4,4,32,48,1856,53.995,64,3719.2,3.222,1.0,538
RND_0539,Random_50M_150M,Random_50M_150M,9,576,6,1,16,64,2976,78.155,32,6013.1,5.167,0.167,539
RND_0540,Random_50M_150M,Random_50M_150M,20,448,12,6,16,64,1696,81.042,32,3220.0,3.786,0.5,540
RND_0541,Random_50M_150M,Random_50M_150M,25,352,8,4,64,48,1408,66.724,32,2158.8,4.0,0.5,541
RND_0542,Random_50M_150M,Random_50M_150M,28,352,12,12,16,32,896,55.577,32,1490.5,2.545,1.0,542
RND_0543,Random_50M_150M,Random_50M_150M,18,448,8,4,48,64,1952,80.609,32,3550.8,4.357,0.5,543
RND_0544,Random_50M_150M,Random_50M_150M,22,384,2,2,32,48,1632,63.398,32,2206.5,4.25,1.0,544
RND_0545,Random_50M_150M,Random_50M_150M,24,608,4,4,32,48,1536,107.194,32,3515.0,2.526,1.0,545
RND_0546,Random_50M_150M,Random_50M_150M,10,544,16,1,16,16,2144,65.312,32,4177.8,3.941,0.062,546
RND_0547,Random_50M_150M,Random_50M_150M,17,512,16,1,48,32,2592,105.287,32,5147.0,5.062,0.062,547
RND_0548,Random_50M_150M,Random_50M_150M,25,640,2,2,32,16,1504,107.493,32,3317.5,2.35,1.0,548
RND_0549,Random_50M_150M,Random_50M_150M,14,640,1,1,48,16,3232,120.224,16,7685.0,5.05,1.0,549
RND_0550,Random_50M_150M,Random_50M_150M,19,576,8,4,32,48,1984,104.637,64,4140.0,3.444,0.5,550
RND_0551,Random_50M_150M,Random_50M_150M,7,512,12,1,16,64,2656,58.031,32,5075.0,5.188,0.083,551
RND_0552,Random_50M_150M,Random_50M_150M,17,384,16,2,16,16,1856,59.433,64,2454.0,4.833,0.125,552
RND_0553,Random_50M_150M,Random_50M_150M,25,544,2,1,16,16,2592,134.454,32,4713.2,4.765,0.5,553
RND_0554,Random_50M_150M,Random_50M_150M,16,448,6,6,32,16,2464,79.659,32,3928.8,5.5,1.0,554
RND_0555,Random_50M_150M,Random_50M_150M,15,576,8,4,64,32,2368,100.315,64,4943.2,4.111,0.5,555
RND_0556,Random_50M_150M,Random_50M_150M,14,448,16,2,32,64,2176,74.322,64,3844.8,4.857,0.125,556
RND_0557,Random_50M_150M,Random_50M_150M,23,480,1,1,64,64,2208,100.123,32,3635.6,4.6,1.0,557
RND_0558,Random_50M_150M,Random_50M_150M,15,576,1,1,32,32,1632,72.391,32,3188.2,2.833,1.0,558
RND_0559,Random_50M_150M,Random_50M_150M,15,576,2,2,48,64,1856,80.961,64,3604.5,3.222,1.0,559
RND_0560,Random_50M_150M,Random_50M_150M,15,544,4,4,64,16,2112,84.297,32,4177.8,3.882,1.0,560
RND_0561,Random_50M_150M,Random_50M_150M,13,416,4,2,64,32,2240,60.386,32,3341.0,5.385,0.5,561
RND_0562,Random_50M_150M,Random_50M_150M,28,576,16,8,32,32,1824,142.038,32,4443.8,3.167,0.5,562
RND_0563,Random_50M_150M,Random_50M_150M,15,544,6,6,48,48,1504,73.591,32,3393.6,2.765,1.0,563
RND_0564,Random_50M_150M,Random_50M_150M,14,608,12,6,48,32,1152,72.266,32,3279.9,1.895,0.5,564
RND_0565,Random_50M_150M,Random_50M_150M,26,544,6,2,32,16,1408,92.572,32,2762.5,2.588,0.333,565
RND_0566,Random_50M_150M,Random_50M_150M,21,640,6,3,32,16,2080,121.891,32,4701.2,3.25,0.5,566
RND_0567,Random_50M_150M,Random_50M_150M,15,416,2,2,16,64,1696,54.678,32,2478.1,4.077,1.0,567
RND_0568,Random_50M_150M,Random_50M_150M,27,544,4,4,16,48,928,75.811,32,1978.4,1.706,1.0,568
RND_0569,Random_50M_150M,Random_50M_150M,19,544,12,4,48,32,736,63.434,32,2093.1,1.353,0.333,569
RND_0570,Random_50M_150M,Random_50M_150M,15,576,4,4,16,64,2176,90.915,64,4293.0,3.778,1.0,570
RND_0571,Random_50M_150M,Random_50M_150M,8,480,4,1,32,32,2464,53.753,32,4074.4,5.133,0.25,571
RND_0572,Random_50M_150M,Random_50M_150M,14,352,8,2,64,64,1824,50.984,32,2616.6,5.182,0.25,572
RND_0573,Random_50M_150M,Random_50M_150M,21,544,1,1,48,32,960,62.115,32,1825.4,1.765,1.0,573
RND_0574,Random_50M_150M,Random_50M_150M,12,576,1,1,48,16,1408,59.057,16,3069.0,2.444,1.0,574
RND_0575,Random_50M_150M,Random_50M_150M,23,576,16,16,48,48,1824,142.193,32,5415.8,3.167,1.0,575
RND_0576,Random_50M_150M,Random_50M_150M,26,480,4,2,16,64,2368,118.822,32,4006.9,4.933,0.5,576
RND_0577,Random_50M_150M,Random_50M_150M,19,608,1,1,16,32,3072,138.175,32,6229.6,5.053,1.0,577
RND_0578,Random_50M_150M,Random_50M_150M,11,640,4,2,64,64,1216,63.282,64,2942.5,1.9,0.5,578
RND_0579,Random_50M_150M,Random_50M_150M,21,576,12,3,16,16,1600,92.864,64,3164.6,2.778,0.25,579
RND_0580,Random_50M_150M,Random_50M_150M,25,512,16,16,16,48,2080,131.87,32,4670.0,4.062,1.0,580
RND_0581,Random_50M_150M,Random_50M_150M,23,384,6,2,64,16,1312,59.75,32,1936.5,3.417,0.333,581
RND_0582,Random_50M_150M,Random_50M_150M,25,384,16,1,32,64,2080,94.909,32,3327.0,5.417,0.062,582
RND_0583,Random_50M_150M,Random_50M_150M,23,640,1,1,64,16,1088,82.625,16,2685.0,1.7,1.0,583
RND_0584,Random_50M_150M,Random_50M_150M,6,640,2,2,32,16,3392,71.994,32,7300.0,5.3,1.0,584
RND_0585,Random_50M_150M,Random_50M_150M,26,480,2,2,16,48,2496,120.819,32,4091.2,5.2,1.0,585
RND_0586,Random_50M_150M,Random_50M_150M,11,512,6,1,64,32,2784,76.578,32,5084.0,5.438,0.167,586
RND_0587,Random_50M_150M,Random_50M_150M,10,576,2,1,32,48,2016,65.191,32,3988.1,3.5,0.5,587
RND_0588,Random_50M_150M,Random_50M_150M,12,576,6,6,16,64,2368,84.715,64,4828.5,4.111,1.0,588
RND_0589,Random_50M_150M,Random_50M_150M,19,608,1,1,64,32,2752,128.194,32,5652.5,4.526,1.0,589
RND_0590,Random_50M_150M,Random_50M_150M,22,448,16,16,64,16,2144,111.18,32,4432.8,4.786,1.0,590
RND_0591,Random_50M_150M,Random_50M_150M,14,448,4,1,32,64,2304,68.903,64,3443.1,5.143,0.25,591
RND_0592,Random_50M_150M,Random_50M_150M,11,640,6,3,48,64,2816,98.764,64,6289.4,4.4,0.5,592
RND_0593,Random_50M_150M,Random_50M_150M,21,512,12,6,32,64,1280,85.642,64,2966.0,2.5,0.5,593
RND_0594,Random_50M_150M,Random_50M_150M,23,480,8,2,64,48,576,55.61,32,1509.4,1.2,0.25,594
RND_0595,Random_50M_150M,Random_50M_150M,24,512,6,2,32,32,1056,71.001,32,2078.0,2.062,0.333,595
RND_0596,Random_50M_150M,Random_50M_150M,20,384,4,4,48,48,1984,70.939,64,2683.5,5.167,1.0,596
RND_0597,Random_50M_150M,Random_50M_150M,26,448,6,1,64,48,1408,80.895,32,2471.9,3.143,0.167,597
RND_0598,Random_50M_150M,Random_50M_150M,13,608,4,4,64,64,1664,78.139,32,4028.0,2.737,1.0,598
RND_0599,Random_50M_150M,Random_50M_150M,12,608,1,1,48,64,2272,81.95,32,4712.0,3.737,1.0,599
RND_0600,Random_50M_150M,Random_50M_150M,26,416,16,16,16,48,928,73.214,32,2214.9,2.231,1.0,600
RND_0601,Random_50M_150M,Random_50M_150M,23,544,8,4,64,48,928,79.04,32,2475.6,1.706,0.5,601
RND_0602,Random_50M_150M,Random_50M_150M,15,512,6,2,32,32,1984,75.406,64,3442.0,3.875,0.333,602
RND_0603,Random_50M_150M,Random_50M_150M,22,416,1,1,16,16,1344,58.431,16,2086.5,3.231,1.0,603
RND_0604,Random_50M_150M,Random_50M_150M,21,416,4,4,64,48,2272,88.314,32,3531.1,5.462,1.0,604
RND_0605,Random_50M_150M,Random_50M_150M,15,448,12,3,64,16,1056,51.895,32,2156.9,2.357,0.25,605
RND_0606,Random_50M_150M,Random_50M_150M,15,512,16,2,48,16,2560,93.593,64,4700.0,5.0,0.125,606
RND_0607,Random_50M_150M,Random_50M_150M,20,512,4,4,64,32,1888,91.637,32,3626.0,3.688,1.0,607
RND_0608,Random_50M_150M,Random_50M_150M,13,544,16,16,48,16,992,62.898,32,3011.1,1.824,1.0,608
RND_0609,Random_50M_150M,Random_50M_150M,19,576,6,3,16,16,1216,72.068,32,2499.8,2.111,0.5,609
RND_0610,Random_50M_150M,Random_50M_150M,12,416,16,16,16,32,1824,55.911,32,3209.4,4.385,1.0,610
RND_0611,Random_50M_150M,Random_50M_150M,21,640,4,1,48,16,1792,108.773,64,3792.5,2.8,0.25,611
RND_0612,Random_50M_150M,Random_50M_150M,21,416,1,1,64,64,1888,72.659,32,2712.1,4.538,1.0,612
RND_0613,Random_50M_150M,Random_50M_150M,15,640,12,4,16,32,2144,101.324,32,5072.5,3.35,0.333,613
RND_0614,Random_50M_150M,Random_50M_150M,28,416,4,2,48,32,704,51.146,32,1191.1,1.692,0.5,614
RND_0615,Random_50M_150M,Random_50M_150M,23,576,8,8,16,48,1888,117.604,32,4241.2,3.278,1.0,615
RND_0616,Random_50M_150M,Random_50M_150M,12,480,16,2,48,64,1696,65.066,32,3753.8,3.533,0.125,616
RND_0617,Random_50M_150M,Random_50M_150M,27,512,8,2,16,64,2240,129.744,64,4003.0,4.375,0.25,617
RND_0618,Random_50M_150M,Random_50M_150M,18,384,16,2,64,32,1536,63.121,64,2530.5,4.0,0.125,618
RND_0619,Random_50M_150M,Random_50M_150M,13,480,4,4,64,64,1376,56.297,32,2724.4,2.867,1.0,619
RND_0620,Random_50M_150M,Random_50M_150M,13,544,1,1,16,32,2016,70.819,32,3680.5,3.706,1.0,620
RND_0621,Random_50M_150M,Random_50M_150M,8,544,1,1,16,16,1856,51.868,16,3748.5,3.412,1.0,621
RND_0622,Random_50M_150M,Random_50M_150M,22,480,12,1,32,16,2368,105.774,32,4082.8,4.933,0.083,622
RND_0623,Random_50M_150M,Random_50M_150M,24,352,12,12,32,64,1888,85.038,32,3086.9,5.364,1.0,623
RND_0624,Random_50M_150M,Random_50M_150M,27,448,8,1,16,48,1600,87.592,64,2506.0,3.571,0.125,624
RND_0625,Random_50M_150M,Random_50M_150M,28,448,1,1,32,32,1920,96.425,32,2905.0,4.286,1.0,625
RND_0626,Random_50M_150M,Random_50M_150M,17,640,1,1,16,32,1984,98.011,32,4262.5,3.1,1.0,626
RND_0627,Random_50M_150M,Random_50M_150M,21,608,4,4,32,48,1920,112.323,32,4284.5,3.158,1.0,627
RND_0628,Random_50M_150M,Random_50M_150M,13,512,2,1,48,48,1760,62.819,32,3140.0,3.438,0.5,628
RND_0629,Random_50M_150M,Random_50M_150M,16,544,2,2,48,16,1664,73.054,32,3145.0,3.059,1.0,629
RND_0630,Random_50M_150M,Random_50M_150M,13,448,16,4,16,48,1984,64.658,64,3368.8,4.429,0.25,630
RND_0631,Random_50M_150M,Random_50M_150M,14,608,8,2,64,48,2400,101.411,32,5567.0,3.947,0.25,631
RND_0632,Random_50M_150M,Random_50M_150M,6,576,12,3,16,16,2368,55.173,64,4541.6,4.111,0.25,632
RND_0633,Random_50M_150M,Random_50M_150M,21,576,12,12,64,48,1088,100.992,64,3566.2,1.889,1.0,633
RND_0634,Random_50M_150M,Random_50M_150M,23,480,4,2,64,48,1600,84.579,32,2893.1,3.333,0.5,634
RND_0635,Random_50M_150M,Random_50M_150M,22,416,4,2,48,64,928,52.573,32,1586.0,2.231,0.5,635
RND_0636,Random_50M_150M,Random_50M_150M,13,576,6,3,48,48,704,51.263,32,1892.2,1.222,0.5,636
RND_0637,Random_50M_150M,Random_50M_150M,9,608,1,1,64,64,3232,85.036,32,6657.1,5.316,1.0,637
RND_0638,Random_50M_150M,Random_50M_150M,15,448,6,3,48,48,1440,57.379,32,2558.5,3.214,0.5,638
RND_0639,Random_50M_150M,Random_50M_150M,15,640,12,1,32,32,864,65.074,32,2417.5,1.35,0.083,639
RND_0640,Random_50M_150M,Random_50M_150M,12,384,16,1,64,48,1952,55.076,32,3279.8,5.083,0.062,640
RND_0641,Random_50M_150M,Random_50M_150M,28,480,8,8,64,32,928,82.238,32,2285.6,1.933,1.0,641
RND_0642,Random_50M_150M,Random_50M_150M,26,576,12,2,32,16,864,77.89,32,2074.5,1.5,0.167,642
RND_0643,Random_50M_150M,Random_50M_150M,25,576,6,2,32,48,1664,110.107,32,3573.0,2.889,0.333,643
RND_0644,Random_50M_150M,Random_50M_150M,10,480,16,8,32,48,1984,61.929,32,4158.8,4.133,0.5,644
RND_0645,Random_50M_150M,Random_50M_150M,8,576,2,2,64,32,3008,72.319,64,5631.8,5.222,1.0,645
RND_0646,Random_50M_150M,Random_50M_150M,26,608,2,1,48,16,1312,95.876,32,2766.9,2.158,0.5,646
RND_0647,Random_50M_150M,Random_50M_150M,5,576,6,6,32,48,2688,54.949,32,5719.5,4.667,1.0,647
RND_0648,Random_50M_150M,Random_50M_150M,7,544,1,1,48,48,2944,61.719,16,6001.0,5.412,1.0,648
RND_0649,Random_50M_150M,Random_50M_150M,22,320,12,6,32,64,1408,58.013,64,1981.2,4.4,0.5,649
RND_0650,Random_50M_150M,Random_50M_150M,24,608,4,4,64,64,992,88.983,32,2681.4,1.632,1.0,650
RND_0651,Random_50M_150M,Random_50M_150M,25,448,12,12,64,16,1856,106.426,64,3487.8,4.143,1.0,651
RND_0652,Random_50M_150M,Random_50M_150M,25,576,8,8,32,32,832,79.694,64,2112.8,1.444,1.0,652
RND_0653,Random_50M_150M,Random_50M_150M,18,576,1,1,32,16,2304,101.649,16,4936.5,4.0,1.0,653
RND_0654,Random_50M_150M,Random_50M_150M,23,640,1,1,48,16,2624,149.984,16,6260.0,4.1,1.0,654
RND_0655,Random_50M_150M,Random_50M_150M,14,576,12,12,32,16,1600,76.978,64,3566.2,2.778,1.0,655
RND_0656,Random_50M_150M,Random_50M_150M,24,576,16,4,32,32,1472,107.745,64,3413.2,2.556,0.25,656
RND_0657,Random_50M_150M,Random_50M_150M,13,480,12,3,32,32,1312,54.7,32,2589.4,2.733,0.25,657
RND_0658,Random_50M_150M,Random_50M_150M,28,416,4,2,64,48,1408,77.983,32,2244.1,3.385,0.5,658
RND_0659,Random_50M_150M,Random_50M_150M,18,416,6,2,64,48,1120,52.806,32,1951.6,2.692,0.333,659
RND_0660,Random_50M_150M,Random_50M_150M,22,640,8,2,16,16,2400,138.103,32,5297.5,3.75,0.25,660
RND_0661,Random_50M_150M,Random_50M_150M,21,384,6,3,48,64,1632,66.941,32,2496.8,4.25,0.5,661
RND_0662,Random_50M_150M,Random_50M_150M,6,512,4,1,32,32,2816,52.68,64,4666.0,5.5,0.25,662
RND_0663,Random_50M_150M,Random_50M_150M,25,512,2,2,16,48,2048,107.703,32,3608.0,4.0,1.0,663
RND_0664,Random_50M_150M,Random_50M_150M,16,608,12,4,16,16,2496,108.42,32,5353.2,4.105,0.333,664
RND_0665,Random_50M_150M,Random_50M_150M,7,640,12,4,16,32,2272,66.159,32,5342.5,3.55,0.333,665
RND_0666,Random_50M_150M,Random_50M_150M,25,384,4,1,48,64,928,51.44,32,1416.8,2.417,0.25,666
RND_0667,Random_50M_150M,Random_50M_150M,9,512,4,4,16,64,1696,52.145,32,3230.0,3.312,1.0,667
RND_0668,Random_50M_150M,Random_50M_150M,10,480,6,2,64,32,2464,63.311,32,4310.6,5.133,0.333,668
RND_0669,Random_50M_150M,Random_50M_150M,9,640,1,1,32,16,1184,53.201,16,2860.0,1.85,1.0,669
RND_0670,Random_50M_150M,Random_50M_150M,8,544,16,4,16,48,1824,56.742,32,4043.9,3.353,0.25,670
RND_0671,Random_50M_150M,Random_50M_150M,16,448,6,3,16,32,1760,63.488,32,2818.4,3.929,0.5,671
RND_0672,Random_50M_150M,Random_50M_150M,20,480,16,2,48,16,1760,85.909,32,3399.4,3.667,0.125,672
RND_0673,Random_50M_150M,Random_50M_150M,24,512,8,4,64,48,2400,130.77,32,4814.0,4.688,0.5,673
RND_0674,Random_50M_150M,Random_50M_150M,12,480,16,2,16,32,2400,70.596,32,4260.0,5.0,0.125,674
RND_0675,Random_50M_150M,Random_50M_150M,19,480,12,12,48,64,1408,87.198,32,3652.5,2.933,1.0,675
RND_0676,Random_50M_150M,Random_50M_150M,18,512,6,3,48,64,1312,71.333,32,2789.0,2.562,0.5,676
RND_0677,Random_50M_150M,Random_50M_150M,22,448,4,4,64,16,928,56.302,32,1692.2,2.071,1.0,677
RND_0678,Random_50M_150M,Random_50M_150M,17,640,16,8,48,16,2112,117.856,64,5237.5,3.3,0.5,678
RND_0679,Random_50M_150M,Random_50M_150M,23,544,4,1,64,64,672,60.622,32,1595.9,1.235,0.25,679
RND_0680,Random_50M_150M,Random_50M_150M,28,576,8,8,32,32,1664,126.039,64,3604.5,2.889,1.0,680
RND_0681,Random_50M_150M,Random_50M_150M,8,512,1,1,32,32,2656,58.91,32,4562.0,5.188,1.0,681
RND_0682,Random_50M_150M,Random_50M_150M,8,608,12,2,48,64,3168,84.431,32,7405.2,5.211,0.167,682
RND_0683,Random_50M_150M,Random_50M_150M,17,544,4,4,16,48,1184,64.961,32,2437.4,2.176,1.0,683
RND_0684,Random_50M_150M,Random_50M_150M,22,480,6,1,32,32,2464,106.956,32,4141.9,5.133,0.167,684
RND_0685,Random_50M_150M,Random_50M_150M,25,416,2,2,16,16,2016,85.179,32,2829.1,4.846,1.0,685
RND_0686,Random_50M_150M,Random_50M_150M,7,512,6,2,64,48,2720,58.203,32,5102.0,5.312,0.333,686
RND_0687,Random_50M_150M,Random_50M_150M,22,512,16,1,48,64,1408,94.803,64,3263.5,2.75,0.062,687
RND_0688,Random_50M_150M,Random_50M_150M,27,608,1,1,16,32,1376,99.964,32,2831.0,2.263,1.0,688
RND_0689,Random_50M_150M,Random_50M_150M,16,480,6,2,64,64,1216,60.036,32,2471.2,2.533,0.333,689
RND_0690,Random_50M_150M,Random_50M_150M,15,608,4,2,48,16,2784,110.266,32,5844.9,4.579,0.5,690
RND_0691,Random_50M_150M,Random_50M_150M,20,384,2,2,32,64,1248,51.033,32,1747.5,3.25,1.0,691
RND_0692,Random_50M_150M,Random_50M_150M,23,416,8,4,48,48,1920,87.08,32,3165.5,4.615,0.5,692
RND_0693,Random_50M_150M,Random_50M_150M,21,544,16,1,16,16,2816,130.111,32,5382.6,5.176,0.062,693
RND_0694,Random_50M_150M,Random_50M_150M,13,576,2,2,32,16,3104,100.145,32,6023.2,5.389,1.0,694
RND_0695,Random_50M_150M,Random_50M_150M,4,640,4,1,32,32,2656,53.393,32,5837.5,4.15,0.25,695
RND_0696,Random_50M_150M,Random_50M_150M,17,416,12,12,64,64,1472,73.891,32,3428.8,3.538,1.0,696
RND_0697,Random_50M_150M,Random_50M_150M,18,544,4,1,32,64,1088,64.041,32,2246.1,2.0,0.25,697
RND_0698,Random_50M_150M,Random_50M_150M,26,288,16,4,16,32,1376,52.603,32,1614.4,4.778,0.25,698
RND_0699,Random_50M_150M,Random_50M_150M,28,320,1,1,16,16,1760,64.001,16,2092.5,5.5,1.0,699
RND_0700,Random_50M_150M,Random_50M_150M,11,544,6,6,32,16,1344,54.939,32,2762.5,2.471,1.0,700
RND_0701,Random_50M_150M,Random_50M_150M,7,608,16,16,16,64,2048,67.618,32,5823.5,3.368,1.0,701
RND_0702,Random_50M_150M,Random_50M_150M,13,608,16,8,64,64,2944,124.678,32,7961.0,4.842,0.5,702
RND_0703,Random_50M_150M,Random_50M_150M,21,416,16,8,64,48,640,61.198,32,2112.5,1.538,0.5,703
RND_0704,Random_50M_150M,Random_50M_150M,9,608,8,1,32,16,3168,84.949,32,6646.4,5.211,0.125,704
RND_0705,Random_50M_150M,Random_50M_150M,28,576,12,1,32,64,1504,121.91,32,3654.0,2.611,0.083,705
RND_0706,Random_50M_150M,Random_50M_150M,24,608,12,3,48,32,1536,115.366,32,3889.1,2.526,0.25,706
RND_0707,Random_50M_150M,Random_50M_150M,25,512,8,4,16,32,1152,77.393,64,2150.0,2.25,0.5,707
RND_0708,Random_50M_150M,Random_50M_150M,18,576,6,1,16,32,2944,124.044,64,5488.3,5.111,0.167,708
RND_0709,Random_50M_150M,Random_50M_150M,14,480,6,3,16,64,1344,56.084,32,2513.4,2.8,0.5,709
RND_0710,Random_50M_150M,Random_50M_150M,14,544,6,6,48,64,2400,92.442,32,5114.9,4.412,1.0,710
RND_0711,Random_50M_150M,Random_50M_150M,12,512,12,3,32,16,2016,67.339,32,3815.0,3.938,0.25,711
RND_0712,Random_50M_150M,Random_50M_150M,24,576,16,4,64,64,1216,114.823,64,3719.2,2.111,0.25,712
RND_0713,Random_50M_150M,Random_50M_150M,21,416,1,1,32,32,2144,78.25,32,3004.6,5.154,1.0,713
RND_0714,Random_50M_150M,Random_50M_150M,11,512,2,1,32,64,2048,61.98,64,3425.0,4.0,0.5,714
RND_0715,Random_50M_150M,Random_50M_150M,17,448,1,1,16,64,1856,66.17,64,2669.6,4.143,1.0,715
RND_0716,Random_50M_150M,Random_50M_150M,20,448,6,1,16,16,1312,59.825,32,2054.5,2.929,0.167,716
RND_0717,Random_50M_150M,Random_50M_150M,26,384,8,4,64,32,1504,75.888,32,2395.5,3.917,0.5,717
RND_0718,Random_50M_150M,Random_50M_150M,11,608,1,1,32,48,2880,89.438,16,6540.8,4.737,1.0,718
RND_0719,Random_50M_150M,Random_50M_150M,16,608,1,1,32,48,2880,116.202,16,6540.8,4.737,1.0,719
RND_0720,Random_50M_150M,Random_50M_150M,21,448,4,1,64,48,2368,94.656,64,3569.6,5.286,0.25,720
RND_0721,Random_50M_150M,Random_50M_150M,17,448,16,8,16,48,2240,85.424,64,3844.8,5.0,0.5,721
RND_0722,Random_50M_150M,Random_50M_150M,26,512,2,2,32,16,2720,136.967,32,4706.0,5.312,1.0,722
RND_0723,Random_50M_150M,Random_50M_150M,15,640,8,8,64,16,2752,123.749,64,6342.5,4.3,1.0,723
RND_0724,Random_50M_150M,Random_50M_150M,11,512,6,3,48,48,1632,58.195,32,3248.0,3.188,0.5,724
RND_0725,Random_50M_150M,Random_50M_150M,25,448,16,4,48,32,960,72.736,64,2089.5,2.143,0.25,725
RND_0726,Random_50M_150M,Random_50M_150M,16,544,12,2,64,32,2112,94.222,32,4598.5,3.882,0.167,726
RND_0727,Random_50M_150M,Random_50M_150M,5,640,4,4,16,16,2144,53.58,32,4712.5,3.35,1.0,727
RND_0728,Random_50M_150M,Random_50M_150M,11,480,4,1,64,32,2624,68.244,32,4411.9,5.467,0.25,728
RND_0729,Random_50M_150M,Random_50M_150M,15,480,8,1,16,16,1952,68.389,32,3247.5,4.067,0.125,729
RND_0730,Random_50M_150M,Random_50M_150M,27,512,1,1,64,48,2656,139.034,16,5128.0,5.188,1.0,730
RND_0731,Random_50M_150M,Random_50M_150M,20,544,6,6,32,48,992,70.208,32,2360.9,1.824,1.0,731
RND_0732,Random_50M_150M,Random_50M_150M,19,352,12,3,32,32,1440,53.03,32,2047.4,4.091,0.25,732
RND_0733,Random_50M_150M,Random_50M_150M,23,576,4,1,64,64,2336,130.322,32,4848.8,4.056,0.25,733
RND_0734,Random_50M_150M,Random_50M_150M,6,608,16,1,16,48,1696,53.102,32,4134.9,2.789,0.062,734
RND_0735,Random_50M_150M,Random_50M_150M,15,608,8,8,64,16,992,69.408,32,2852.4,1.632,1.0,735
RND_0736,Random_50M_150M,Random_50M_150M,17,384,8,8,32,32,1568,56.718,32,2422.5,4.083,1.0,736
RND_0737,Random_50M_150M,Random_50M_150M,24,416,2,1,48,64,1792,77.976,32,2617.1,4.308,0.5,737
RND_0738,Random_50M_150M,Random_50M_150M,13,576,1,1,16,64,2144,78.339,32,4180.5,3.722,1.0,738
RND_0739,Random_50M_150M,Random_50M_150M,14,608,2,2,16,32,1600,73.083,32,3344.0,2.632,1.0,739
RND_0740,Random_50M_150M,Random_50M_150M,10,544,16,2,32,48,2464,75.408,32,5287.0,4.529,0.125,740
RND_0741,Random_50M_150M,Random_50M_150M,8,640,16,1,48,32,800,51.437,32,2653.8,1.25,0.062,741
RND_0742,Random_50M_150M,Random_50M_150M,10,640,16,2,32,48,2432,88.101,64,5811.2,3.8,0.125,742
RND_0743,Random_50M_150M,Random_50M_150M,13,544,12,6,16,64,2912,99.333,32,6090.2,5.353,0.5,743
RND_0744,Random_50M_150M,Random_50M_150M,4,608,6,1,16,16,2848,51.89,32,5866.2,4.684,0.167,744
RND_0745,Random_50M_150M,Random_50M_150M,28,352,8,1,64,16,1792,77.812,32,2362.9,5.091,0.125,745
RND_0746,Random_50M_150M,Random_50M_150M,27,384,12,4,64,16,1184,69.439,32,2044.5,3.083,0.333,746
RND_0747,Random_50M_150M,Random_50M_150M,6,640,4,4,16,48,1664,53.316,64,3665.0,2.6,1.0,747
RND_0748,Random_50M_150M,Random_50M_150M,25,416,12,1,48,32,1952,92.667,32,3158.2,4.692,0.083,748
RND_0749,Random_50M_150M,Random_50M_150M,21,512,8,2,48,16,1920,94.588,64,3408.0,3.75,0.25,749
RND_0750,Random_50M_150M,Random_50M_150M,3,640,8,4,48,32,2912,50.789,32,6827.5,4.55,0.5,750
RND_0751,Random_50M_150M,Random_50M_150M,28,480,16,16,48,64,1312,125.246,32,3973.1,2.733,1.0,751
RND_0752,Random_50M_150M,Random_50M_150M,18,544,1,1,16,48,1664,77.515,16,3408.5,3.059,1.0,752
RND_0753,Random_50M_150M,Random_50M_150M,27,352,16,2,16,32,1440,66.998,32,2010.2,4.091,0.125,753
RND_0754,Random_50M_150M,Random_50M_150M,13,640,8,1,64,64,2336,100.09,32,5747.5,3.65,0.125,754
RND_0755,Random_50M_150M,Random_50M_150M,18,416,12,1,16,16,1216,51.369,32,1863.9,2.923,0.083,755
RND_0756,Random_50M_150M,Random_50M_150M,11,608,6,6,32,32,2816,92.22,32,6165.5,4.632,1.0,756
RND_0757,Random_50M_150M,Random_50M_150M,13,640,8,8,48,32,2560,106.746,64,5960.0,4.0,1.0,757
RND_0758,Random_50M_150M,Random_50M_150M,18,640,2,2,32,16,1536,87.507,32,3385.0,2.4,1.0,758
RND_0759,Random_50M_150M,Random_50M_150M,24,608,6,2,48,48,992,85.248,32,2510.4,1.632,0.333,759
RND_0760,Random_50M_150M,Random_50M_150M,17,416,8,8,16,48,1248,54.655,32,2185.6,3.0,1.0,760
RND_0761,Random_50M_150M,Random_50M_150M,26,576,1,1,16,48,1248,86.996,16,2731.5,2.167,1.0,761
RND_0762,Random_50M_150M,Random_50M_150M,19,608,6,3,16,64,2592,128.749,32,5684.6,4.263,0.5,762
RND_0763,Random_50M_150M,Random_50M_150M,15,608,1,1,64,64,2528,102.094,32,5246.4,4.158,1.0,763
RND_0764,Random_50M_150M,Random_50M_150M,21,512,6,2,64,48,864,63.278,32,1970.0,1.688,0.333,764
RND_0765,Random_50M_150M,Random_50M_150M,23,640,6,2,16,48,960,82.154,32,2395.0,1.5,0.333,765
RND_0766,Random_50M_150M,Random_50M_150M,17,640,16,2,48,32,2240,120.989,64,5428.8,3.5,0.125,766
RND_0767,Random_50M_150M,Random_50M_150M,13,512,2,2,64,16,1472,57.282,32,2672.0,2.875,1.0,767
RND_0768,Random_50M_150M,Random_50M_150M,14,576,16,1,64,48,2560,106.266,64,5736.9,4.444,0.062,768
RND_0769,Random_50M_150M,Random_50M_150M,19,320,12,12,48,48,1248,52.879,32,2131.2,3.9,1.0,769
RND_0770,Random_50M_150M,Random_50M_150M,15,480,2,2,64,64,1216,54.105,32,2201.2,2.533,1.0,770
RND_0771,Random_50M_150M,Random_50M_150M,11,544,6,6,48,32,1152,53.79,32,2647.8,2.118,1.0,771
RND_0772,Random_50M_150M,Random_50M_150M,28,576,6,2,64,32,1888,132.748,32,4079.2,3.278,0.333,772
RND_0773,Random_50M_150M,Random_50M_150M,26,480,16,2,16,32,960,70.899,32,1981.9,2.0,0.125,773
RND_0774,Random_50M_150M,Random_50M_150M,12,512,4,4,48,16,1984,65.471,64,3442.0,3.875,1.0,774
RND_0775,Random_50M_150M,Random_50M_150M,25,352,16,2,48,64,608,51.518,32,1490.5,1.727,0.125,775
RND_0776,Random_50M_150M,Random_50M_150M,24,544,2,1,16,64,2304,120.769,32,4282.9,4.235,0.5,776
RND_0777,Random_50M_150M,Random_50M_150M,25,352,12,4,48,64,800,54.616,32,1626.6,2.273,0.333,777
RND_0778,Random_50M_150M,Random_50M_150M,26,448,4,2,48,16,1920,94.127,64,2863.0,4.286,0.5,778
RND_0779,Random_50M_150M,Random_50M_150M,19,640,1,1,16,32,1888,102.255,32,4060.0,2.95,1.0,779
RND_0780,Random_50M_150M,Random_50M_150M,7,608,16,1,32,16,3040,72.862,32,6646.4,5.0,0.062,780
RND_0781,Random_50M_150M,Random_50M_150M,24,384,8,8,64,16,992,58.559,32,1801.5,2.583,1.0,781
RND_0782,Random_50M_150M,Random_50M_150M,12,608,2,2,64,64,2688,93.157,32,5738.0,4.421,1.0,782
RND_0783,Random_50M_150M,Random_50M_150M,27,288,16,4,64,64,1280,64.272,32,2029.5,4.444,0.25,783
RND_0784,Random_50M_150M,Random_50M_150M,23,544,2,1,16,48,1632,91.051,32,3049.4,3.0,0.5,784
RND_0785,Random_50M_150M,Random_50M_150M,22,544,12,2,16,16,1792,97.09,32,3489.2,3.294,0.167,785
RND_0786,Random_50M_150M,Random_50M_150M,23,320,4,2,48,64,1600,56.386,64,1821.9,5.0,0.5,786
RND_0787,Random_50M_150M,Random_50M_150M,14,608,4,1,48,48,1920,83.706,32,4177.6,3.158,0.25,787
RND_0788,Random_50M_150M,Random_50M_150M,28,352,12,4,48,32,1408,71.978,32,2134.0,4.0,0.333,788
RND_0789,Random_50M_150M,Random_50M_150M,28,320,12,2,32,64,1408,66.008,64,1853.8,4.4,0.167,789
RND_0790,Random_50M_150M,Random_50M_150M,20,480,16,8,32,48,1440,84.066,32,3298.1,3.0,0.5,790
RND_0791,Random_50M_150M,Random_50M_150M,22,640,16,1,48,32,1248,104.086,32,3598.8,1.95,0.062,791
RND_0792,Random_50M_150M,Random_50M_150M,9,544,16,4,48,16,2528,70.758,32,5306.1,4.647,0.25,792
RND_0793,Random_50M_150M,Random_50M_150M,13,576,16,4,64,48,2656,105.416,32,6468.8,4.611,0.25,793
RND_0794,Random_50M_150M,Random_50M_150M,6,640,16,1,48,32,1504,54.729,32,4138.8,2.35,0.062,794
RND_0795,Random_50M_150M,Random_50M_150M,6,576,16,16,64,64,1408,57.716,64,4981.5,2.444,1.0,795
RND_0796,Random_50M_150M,Random_50M_150M,20,384,8,1,32,64,1952,70.939,32,2841.0,5.083,0.125,796
RND_0797,Random_50M_150M,Random_50M_150M,12,640,6,3,32,32,2976,105.187,32,6692.5,4.65,0.5,797
RND_0798,Random_50M_150M,Random_50M_150M,21,320,16,2,32,48,1600,58.042,64,2076.9,5.0,0.125,798
RND_0799,Random_50M_150M,Random_50M_150M,20,576,12,1,32,64,2144,117.468,32,4869.0,3.722,0.083,799
RND_0800,Random_50M_150M,Random_50M_150M,16,384,16,4,16,64,1888,63.954,32,3070.5,4.917,0.25,800
RND_0801,Random_50M_150M,Random_50M_150M,10,640,6,6,64,48,1760,74.584,32,4667.5,2.75,1.0,801
RND_0802,Random_50M_150M,Random_50M_150M,11,480,1,1,32,64,2592,66.216,32,4209.4,5.4,1.0,802
RND_0803,Random_50M_150M,Random_50M_150M,8,576,4,2,48,32,1536,52.413,64,3049.9,2.667,0.5,803
RND_0804,Random_50M_150M,Random_50M_150M,8,608,4,1,64,16,2144,63.807,32,4573.1,3.526,0.25,804
RND_0805,Random_50M_150M,Random_50M_150M,26,512,6,6,64,16,2624,143.357,32,4976.0,5.125,1.0,805
RND_0806,Random_50M_150M,Random_50M_150M,14,480,6,3,32,48,1184,52.859,32,2260.3,2.467,0.5,806
RND_0807,Random_50M_150M,Random_50M_150M,9,448,6,1,48,32,2304,52.659,64,3480.3,5.143,0.167,807
RND_0808,Random_50M_150M,Random_50M_150M,24,608,4,4,48,16,1760,115.132,32,3878.4,2.895,1.0,808
RND_0809,Random_50M_150M,Random_50M_150M,13,640,16,8,32,64,896,73.732,64,3325.0,1.4,0.5,809
RND_0810,Random_50M_150M,Random_50M_150M,12,576,16,4,64,32,2688,97.986,64,5976.0,4.667,0.25,810
RND_0811,Random_50M_150M,Random_50M_150M,15,416,16,2,16,64,1760,62.865,32,3077.8,4.231,0.125,811
RND_0812,Random_50M_150M,Random_50M_150M,7,640,16,4,64,32,2752,77.772,64,6767.5,4.3,0.25,812
RND_0813,Random_50M_150M,Random_50M_150M,19,608,4,4,64,64,1088,80.138,32,2873.8,1.789,1.0,813
RND_0814,Random_50M_150M,Random_50M_150M,20,576,8,8,64,64,832,81.342,64,2724.8,1.444,1.0,814
RND_0815,Random_50M_150M,Random_50M_150M,24,480,1,1,32,64,2080,98.267,32,3399.4,4.333,1.0,815
RND_0816,Random_50M_150M,Random_50M_150M,21,480,4,2,16,16,1888,83.193,32,3095.6,3.933,0.5,816
RND_0817,Random_50M_150M,Random_50M_150M,20,512,12,4,48,48,2080,105.399,32,4382.0,4.062,0.333,817
RND_0818,Random_50M_150M,Random_50M_150M,8,576,12,3,32,64,2784,74.089,32,6205.5,4.833,0.25,818
RND_0819,Random_50M_150M,Random_50M_150M,28,608,6,1,48,16,2112,146.116,32,4541.0,3.474,0.167,819
RND_0820,Random_50M_150M,Random_50M_150M,12,512,4,2,32,64,1664,59.966,64,2966.0,3.25,0.5,820
RND_0821,Random_50M_150M,Random_50M_150M,23,416,12,4,16,16,1216,60.748,32,1907.8,2.923,0.333,821
RND_0822,Random_50M_150M,Random_50M_150M,25,640,4,4,48,64,1184,103.397,32,3137.5,1.85,1.0,822
RND_0823,Random_50M_150M,Random_50M_150M,18,320,8,4,16,64,1696,50.942,32,2131.2,5.3,0.5,823
RND_0824,Random_50M_150M,Random_50M_150M,3,608,8,4,32,48,3264,50.176,32,7191.5,5.368,0.5,824
RND_0825,Random_50M_150M,Random_50M_150M,19,352,6,6,16,16,1888,58.167,32,2344.4,5.364,1.0,825
RND_0826,Random_50M_150M,Random_50M_150M,24,512,12,1,48,16,2624,132.736,64,4632.0,5.125,0.083,826
RND_0827,Random_50M_150M,Random_50M_150M,21,608,4,1,32,16,2656,135.408,32,5492.2,4.368,0.25,827
RND_0828,Random_50M_150M,Random_50M_150M,25,608,16,16,16,32,1440,119.629,32,3921.1,2.368,1.0,828
RND_0829,Random_50M_150M,Random_50M_150M,27,512,16,2,16,64,2208,137.264,32,4544.0,4.312,0.125,829
RND_0830,Random_50M_150M,Random_50M_150M,7,640,16,16,48,32,1056,57.844,32,4037.5,1.65,1.0,830
RND_0831,Random_50M_150M,Random_50M_150M,11,416,16,1,32,16,1856,50.139,32,2924.2,4.462,0.062,831
RND_0832,Random_50M_150M,Random_50M_150M,24,512,1,1,48,32,2592,123.299,32,4472.0,5.062,1.0,832
RND_0833,Random_50M_150M,Random_50M_150M,9,416,16,2,64,32,2208,52.192,32,3823.6,5.308,0.125,833
RND_0834,Random_50M_150M,Random_50M_150M,27,608,1,1,48,32,1664,115.198,32,3450.9,2.737,1.0,834
RND_0835,Random_50M_150M,Random_50M_150M,23,448,4,1,48,48,2400,101.692,32,3787.0,5.357,0.25,835
RND_0836,Random_50M_150M,Random_50M_150M,22,448,8,1,64,48,2208,97.776,32,3763.4,4.929,0.125,836
RND_0837,Random_50M_150M,Random_50M_150M,7,576,16,4,16,16,2496,61.737,64,4866.8,4.333,0.25,837
RND_0838,Random_50M_150M,Random_50M_150M,24,320,12,12,48,32,1728,70.672,64,2363.8,5.4,1.0,838
RND_0839,Random_50M_150M,Random_50M_150M,25,384,12,3,64,64,1376,77.398,32,2557.5,3.583,0.25,839
RND_0840,Random_50M_150M,Random_50M_150M,18,480,2,2,16,48,1888,75.307,32,3129.4,3.933,1.0,840
RND_0841,Random_50M_150M,Random_50M_150M,20,416,1,1,48,64,1824,68.331,32,2609.8,4.385,1.0,841
RND_0842,Random_50M_150M,Random_50M_150M,28,480,12,6,48,64,960,89.98,32,2589.4,2.0,0.5,842
RND_0843,Random_50M_150M,Random_50M_150M,25,576,2,1,32,64,2240,129.921,64,4197.4,3.889,0.5,843
RND_0844,Random_50M_150M,Random_50M_150M,26,416,4,4,32,64,1088,64.561,32,1849.2,2.615,1.0,844
RND_0845,Random_50M_150M,Random_50M_150M,23,416,16,1,16,64,2048,92.744,32,3436.1,4.923,0.062,845
RND_0846,Random_50M_150M,Random_50M_150M,27,320,1,1,64,32,1312,51.783,32,1456.2,4.1,1.0,846
RND_0847,Random_50M_150M,Random_50M_150M,8,576,12,3,64,32,3040,77.628,32,6691.5,5.278,0.25,847
RND_0848,Random_50M_150M,Random_50M_150M,12,544,16,8,64,32,1728,76.248,32,4483.8,3.176,0.5,848
RND_0849,Random_50M_150M,Random_50M_150M,25,416,1,1,48,48,1344,64.879,16,2151.5,3.231,1.0,849
RND_0850,Random_50M_150M,Random_50M_150M,5,608,6,6,32,32,2304,53.916,32,5139.5,3.789,1.0,850
RND_0851,Random_50M_150M,Random_50M_150M,9,544,16,16,64,64,2944,90.655,32,7735.0,5.412,1.0,851
RND_0852,Random_50M_150M,Random_50M_150M,19,448,16,2,16,16,1632,69.127,32,2700.2,3.643,0.125,852
RND_0853,Random_50M_150M,Random_50M_150M,17,384,1,1,32,64,1824,56.3,32,2395.5,4.75,1.0,853
RND_0854,Random_50M_150M,Random_50M_150M,17,608,1,1,32,16,1120,66.319,16,2574.5,1.842,1.0,854
RND_0855,Random_50M_150M,Random_50M_150M,13,448,16,4,48,32,2400,73.79,32,4338.2,5.357,0.25,855
RND_0856,Random_50M_150M,Random_50M_150M,16,544,4,2,64,16,2976,109.262,32,5631.2,5.471,0.5,856
RND_0857,Random_50M_150M,Random_50M_150M,16,512,4,1,32,32,1440,63.776,32,2618.0,2.812,0.25,857
RND_0858,Random_50M_150M,Random_50M_150M,16,576,16,4,48,48,2400,113.035,32,5780.2,4.167,0.25,858
RND_0859,Random_50M_150M,Random_50M_150M,21,480,2,1,64,48,960,56.581,32,1703.4,2.0,0.5,859
RND_0860,Random_50M_150M,Random_50M_150M,28,576,4,1,64,16,1792,122.168,64,3461.1,3.111,0.25,860
RND_0861,Random_50M_150M,Random_50M_150M,26,576,1,1,32,48,864,70.222,16,1944.0,1.5,1.0,861
RND_0862,Random_50M_150M,Random_50M_150M,23,448,2,2,32,64,1920,85.865,64,2863.0,4.286,1.0,862
RND_0863,Random_50M_150M,Random_50M_150M,13,416,8,1,64,64,1824,56.752,32,3033.9,4.385,0.125,863
RND_0864,Random_50M_150M,Random_50M_150M,19,544,12,1,48,64,1408,86.09,32,3403.2,2.588,0.083,864
RND_0865,Random_50M_150M,Random_50M_150M,4,640,6,3,48,48,2304,52.082,32,5477.5,3.6,0.5,865
RND_0866,Random_50M_150M,Random_50M_150M,21,608,12,3,32,16,1408,93.733,32,3311.9,2.316,0.25,866
RND_0867,Random_50M_150M,Random_50M_150M,23,416,4,4,48,64,2208,92.897,32,3443.4,5.308,1.0,867
RND_0868,Random_50M_150M,Random_50M_150M,12,608,1,1,64,16,1312,60.47,16,3049.5,2.158,1.0,868
RND_0869,Random_50M_150M,Random_50M_150M,6,576,8,4,64,16,1856,51.523,64,3910.5,3.222,0.5,869
RND_0870,Random_50M_150M,Random_50M_150M,11,480,6,1,32,16,1760,53.797,32,2969.1,3.667,0.167,870
RND_0871,Random_50M_150M,Random_50M_150M,21,352,16,2,48,64,1056,56.041,32,2010.2,3.0,0.125,871
RND_0872,Random_50M_150M,Random_50M_150M,26,416,16,2,32,16,768,55.216,32,1454.4,1.846,0.125,872
RND_0873,Random_50M_150M,Random_50M_150M,7,576,12,4,64,16,2400,63.156,32,5375.2,4.167,0.333,873
RND_0874,Random_50M_150M,Random_50M_150M,15,480,16,4,32,32,1792,72.076,32,3517.5,3.733,0.25,874
RND_0875,Random_50M_150M,Random_50M_150M,14,576,4,4,16,16,2976,103.041,32,5820.8,5.167,1.0,875
RND_0876,Random_50M_150M,Random_50M_150M,21,576,12,2,64,16,2720,141.248,32,5881.5,4.722,0.167,876
RND_0877,Random_50M_150M,Random_50M_150M,12,480,1,1,48,64,1600,53.085,32,2656.9,3.333,1.0,877
RND_0878,Random_50M_150M,Random_50M_150M,14,544,12,4,16,16,2592,90.492,32,4961.9,4.765,0.333,878
RND_0879,Random_50M_150M,Random_50M_150M,20,608,1,1,64,64,2528,125.94,32,5246.4,4.158,1.0,879
RND_0880,Random_50M_150M,Random_50M_150M,17,480,12,2,64,16,2272,88.914,32,4192.5,4.733,0.167,880
RND_0881,Random_50M_150M,Random_50M_150M,14,416,12,6,16,32,2176,63.982,32,3384.9,5.231,0.5,881
RND_0882,Random_50M_150M,Random_50M_150M,21,448,2,1,64,16,1088,55.519,32,1731.6,2.429,0.5,882
RND_0883,Random_50M_150M,Random_50M_150M,14,576,2,1,48,48,928,53.753,32,1953.0,1.611,0.5,883
RND_0884,Random_50M_150M,Random_50M_150M,20,480,12,6,48,48,2464,111.714,32,4816.9,5.133,0.5,884
RND_0885,Random_50M_150M,Random_50M_150M,13,640,8,2,16,32,1824,81.719,32,4195.0,2.85,0.25,885
RND_0886,Random_50M_150M,Random_50M_150M,20,384,16,1,48,32,2016,76.223,32,3131.2,5.25,0.062,886
RND_0887,Random_50M_150M,Random_50M_150M,19,320,16,16,64,48,736,51.322,32,2041.2,2.3,1.0,887
RND_0888,Random_50M_150M,Random_50M_150M,21,448,12,2,32,64,704,55.067,64,1613.5,1.571,0.167,888
RND_0889,Random_50M_150M,Random_50M_150M,21,576,16,8,64,32,1568,113.766,32,4443.8,2.722,0.5,889
RND_0890,Random_50M_150M,Random_50M_150M,26,544,8,8,64,48,1472,115.203,32,3718.8,2.706,1.0,890
RND_0891,Random_50M_150M,Random_50M_150M,18,480,12,12,32,32,704,55.677,32,1931.2,1.467,1.0,891
RND_0892,Random_50M_150M,Random_50M_150M,22,512,6,3,48,16,1056,67.95,32,2114.0,2.062,0.5,892
RND_0893,Random_50M_150M,Random_50M_150M,24,480,4,4,64,16,1472,82.415,32,2673.8,3.067,1.0,893
RND_0894,Random_50M_150M,Random_50M_150M,26,608,4,1,64,64,2240,146.967,32,4925.8,3.684,0.25,894
RND_0895,Random_50M_150M,Random_50M_150M,7,640,2,1,64,16,2560,67.665,32,5578.8,4.0,0.5,895
RND_0896,Random_50M_150M,Random_50M_150M,18,512,6,3,16,48,1600,75.314,32,3032.0,3.125,0.5,896
RND_0897,Random_50M_150M,Random_50M_150M,23,480,16,2,64,48,704,69.741,32,2184.4,1.467,0.125,897
RND_0898,Random_50M_150M,Random_50M_150M,20,448,4,1,32,64,2400,91.364,32,3787.0,5.357,0.25,898
RND_0899,Random_50M_150M,Random_50M_150M,21,512,16,4,48,64,928,79.793,32,2834.0,1.812,0.25,899
RND_0900,Random_50M_150M,Random_50M_150M,28,416,4,2,48,32,2048,98.11,32,3033.9,4.923,0.5,900
RND_0901,Random_50M_150M,Random_50M_150M,17,576,8,2,16,32,2464,106.07,32,4990.5,4.278,0.25,901
RND_0902,Random_50M_150M,Random_50M_150M,24,544,6,1,32,48,1152,79.825,32,2408.7,2.118,0.167,902
RND_0903,Random_50M_150M,Random_50M_150M,18,544,1,1,64,64,1088,61.847,32,2112.2,2.0,1.0,903
RND_0904,Random_50M_150M,Random_50M_150M,27,320,8,4,48,48,1728,70.86,64,2108.8,5.4,0.5,904
RND_0905,Random_50M_150M,Random_50M_150M,25,576,8,4,48,48,1792,123.009,64,3910.5,3.111,0.5,905
RND_0906,Random_50M_150M,Random_50M_150M,19,544,8,4,16,64,1760,91.878,32,3737.9,3.235,0.5,906
RND_0907,Random_50M_150M,Random_50M_150M,27,320,16,8,32,16,1280,59.248,64,1662.5,4.0,0.5,907
RND_0908,Random_50M_150M,Random_50M_150M,15,608,12,4,64,64,1248,83.416,32,3878.4,2.053,0.333,908
RND_0909,Random_50M_150M,Random_50M_150M,27,352,8,2,32,48,1824,77.338,32,2431.0,5.182,0.25,909
RND_0910,Random_50M_150M,Random_50M_150M,13,480,6,1,16,64,2432,73.17,32,4150.3,5.067,0.167,910
RND_0911,Random_50M_150M,Random_50M_150M,8,576,4,2,16,64,2720,68.78,32,5476.5,4.722,0.5,911
RND_0912,Random_50M_150M,Random_50M_150M,13,512,6,3,16,48,1024,50.04,32,2060.0,2.0,0.5,912
RND_0913,Random_50M_150M,Random_50M_150M,12,448,1,1,32,32,1984,55.223,32,2999.5,4.429,1.0,913
RND_0914,Random_50M_150M,Random_50M_150M,7,544,2,1,48,64,2112,52.763,32,3996.1,3.882,0.5,914
RND_0915,Random_50M_150M,Random_50M_150M,24,544,8,4,32,64,992,81.288,32,2475.6,1.824,0.5,915
RND_0916,Random_50M_150M,Random_50M_150M,18,640,8,4,48,64,1568,101.884,32,4262.5,2.45,0.5,916
RND_0917,Random_50M_150M,Random_50M_150M,15,640,12,6,64,64,2176,116.991,64,5875.0,3.4,0.5,917
RND_0918,Random_50M_150M,Random_50M_150M,6,512,6,2,32,48,2496,50.714,32,4580.0,4.875,0.333,918
RND_0919,Random_50M_150M,Random_50M_150M,22,512,16,2,32,16,992,69.031,32,2168.0,1.938,0.125,919
RND_0920,Random_50M_150M,Random_50M_150M,18,544,2,1,32,16,1696,78.611,32,3135.4,3.118,0.5,920
RND_0921,Random_50M_150M,Random_50M_150M,12,480,6,3,32,32,1920,60.642,32,3348.8,4.0,0.5,921
RND_0922,Random_50M_150M,Random_50M_150M,25,352,1,1,64,32,1216,51.518,32,1490.5,3.455,1.0,922
RND_0923,Random_50M_150M,Random_50M_150M,17,512,6,6,32,48,1536,74.231,32,3140.0,3.0,1.0,923
RND_0924,Random_50M_150M,Random_50M_150M,13,512,2,1,16,32,1632,59.305,32,2843.0,3.188,0.5,924
RND_0925,Random_50M_150M,Random_50M_150M,15,448,12,2,48,16,1856,65.981,64,3011.8,4.143,0.167,925
RND_0926,Random_50M_150M,Random_50M_150M,17,416,8,2,48,32,2080,70.722,32,3224.0,5.0,0.25,926
RND_0927,Random_50M_150M,Random_50M_150M,7,640,16,8,32,48,2560,75.191,64,6385.0,4.0,0.5,927
RND_0928,Random_50M_150M,Random_50M_150M,8,608,8,4,32,32,3232,81.473,32,6999.1,5.316,0.5,928
RND_0929,Random_50M_150M,Random_50M_150M,27,384,12,3,32,64,608,53.182,32,1383.0,1.583,0.25,929
RND_0930,Random_50M_150M,Random_50M_150M,24,544,2,1,32,16,2880,142.076,32,5258.3,5.294,0.5,930
RND_0931,Random_50M_150M,Random_50M_150M,28,416,8,2,32,64,2080,104.82,32,3297.1,5.0,0.25,931
RND_0932,Random_50M_150M,Random_50M_150M,24,320,12,3,16,32,1568,57.77,32,1911.9,4.9,0.25,932
RND_0933,Random_50M_150M,Random_50M_150M,26,320,16,1,16,64,1088,54.588,64,1540.3,3.4,0.062,933
RND_0934,Random_50M_150M,Random_50M_150M,9,480,8,2,32,32,1856,50.96,32,3281.2,3.867,0.25,934
RND_0935,Random_50M_150M,Random_50M_150M,24,512,1,1,64,32,1408,80.045,32,2492.0,2.75,1.0,935
RND_0936,Random_50M_150M,Random_50M_150M,17,544,4,1,64,48,2304,96.478,32,4474.2,4.235,0.25,936
RND_0937,Random_50M_150M,Random_50M_150M,14,576,6,6,16,16,2848,100.976,32,5658.8,4.944,1.0,937
RND_0938,Random_50M_150M,Random_50M_150M,23,576,1,1,32,64,1920,107.854,64,3566.2,3.333,1.0,938
RND_0939,Random_50M_150M,Random_50M_150M,21,576,2,1,64,32,2112,109.121,64,3967.9,3.667,0.5,939
RND_0940,Random_50M_150M,Random_50M_150M,5,640,2,2,16,64,2720,59.314,32,5972.5,4.25,1.0,940
RND_0941,Random_50M_150M,Random_50M_150M,24,448,6,2,48,32,1248,69.695,32,2164.8,2.786,0.333,941
RND_0942,Random_50M_150M,Random_50M_150M,11,480,1,1,32,64,1760,53.037,32,2893.1,3.667,1.0,942
RND_0943,Random_50M_150M,Random_50M_150M,25,608,12,12,64,16,1344,121.088,32,3985.2,2.211,1.0,943
RND_0944,Random_50M_150M,Random_50M_150M,18,608,4,4,32,48,2144,107.997,32,4733.4,3.526,1.0,944
RND_0945,Random_50M_150M,Random_50M_150M,18,576,4,1,64,48,1504,81.577,32,3218.6,2.611,0.25,945
RND_0946,Random_50M_150M,Random_50M_150M,24,512,2,1,16,16,1664,88.303,32,2870.0,3.25,0.5,946
RND_0947,Random_50M_150M,Random_50M_150M,14,512,12,4,32,32,2816,93.656,64,5040.0,5.5,0.333,947
RND_0948,Random_50M_150M,Random_50M_150M,28,352,2,2,32,32,1472,63.777,32,1812.2,4.182,1.0,948
RND_0949,Random_50M_150M,Random_50M_150M,20,448,6,1,64,32,1408,66.42,64,2282.9,3.143,0.167,949
RND_0950,Random_50M_150M,Random_50M_150M,24,480,2,2,64,16,1344,74.305,32,2302.5,2.8,1.0,950
RND_0951,Random_50M_150M,Random_50M_150M,25,416,16,16,64,48,1632,109.141,32,3882.1,3.923,1.0,951
RND_0952,Random_50M_150M,Random_50M_150M,26,640,12,12,32,64,1024,121.688,64,3580.0,1.6,1.0,952
RND_0953,Random_50M_150M,Random_50M_150M,17,544,1,1,64,48,1728,77.391,16,3599.8,3.176,1.0,953
RND_0954,Random_50M_150M,Random_50M_150M,25,448,12,12,16,64,1408,91.373,64,2863.0,3.143,1.0,954
RND_0955,Random_50M_150M,Random_50M_150M,26,512,2,1,48,32,800,60.929,32,1493.0,1.562,0.5,955
RND_0956,Random_50M_150M,Random_50M_150M,18,448,12,3,64,32,1984,82.157,64,3443.1,4.429,0.25,956
RND_0957,Random_50M_150M,Random_50M_150M,17,416,1,1,64,16,2016,64.839,16,3159.0,4.846,1.0,957
RND_0958,Random_50M_150M,Random_50M_150M,19,544,2,2,16,16,896,56.488,32,1691.5,1.647,1.0,958
RND_0959,Random_50M_150M,Random_50M_150M,7,576,2,1,16,16,2624,61.092,32,5051.2,4.556,0.5,959
RND_0960,Random_50M_150M,Random_50M_150M,13,544,8,2,64,32,1216,59.956,32,2762.5,2.235,0.25,960
RND_0961,Random_50M_150M,Random_50M_150M,19,448,8,4,64,32,1760,77.299,32,3172.8,3.929,0.5,961
RND_0962,Random_50M_150M,Random_50M_150M,21,480,4,2,32,64,1248,67.71,32,2285.6,2.6,0.5,962
RND_0963,Random_50M_150M,Random_50M_150M,10,640,16,4,16,32,3168,99.16,32,7367.5,4.95,0.25,963
RND_0964,Random_50M_150M,Random_50M_150M,22,512,6,6,64,64,2656,132.83,32,5354.0,5.188,1.0,964
RND_0965,Random_50M_150M,Random_50M_150M,27,480,2,2,64,64,1504,89.287,32,2656.9,3.133,1.0,965
RND_0966,Random_50M_150M,Random_50M_150M,27,576,12,2,16,32,2240,143.971,64,4426.9,3.889,0.167,966
RND_0967,Random_50M_150M,Random_50M_150M,15,544,16,8,16,48,1664,80.641,32,3910.0,3.059,0.5,967
RND_0968,Random_50M_150M,Random_50M_150M,23,576,2,1,64,64,1664,100.223,64,3222.0,2.889,0.5,968
RND_0969,Random_50M_150M,Random_50M_150M,19,544,6,6,64,64,736,66.08,32,2246.1,1.353,1.0,969
RND_0970,Random_50M_150M,Random_50M_150M,24,384,16,1,48,16,1216,62.983,64,1893.0,3.167,0.062,970
RND_0971,Random_50M_150M,Random_50M_150M,28,352,6,2,48,16,1088,54.946,32,1465.8,3.091,0.333,971
RND_0972,Random_50M_150M,Random_50M_150M,10,512,2,2,48,48,1472,50.329,32,2708.0,2.875,1.0,972
RND_0973,Random_50M_150M,Random_50M_150M,5,640,8,1,16,32,2752,59.98,64,5779.4,4.3,0.125,973
RND_0974,Random_50M_150M,Random_50M_150M,22,576,4,1,32,16,2176,114.763,64,4053.9,3.778,0.25,974
RND_0975,Random_50M_150M,Random_50M_150M,24,640,4,4,32,48,1024,89.243,64,2475.0,1.6,1.0,975
RND_0976,Random_50M_150M,Random_50M_150M,19,640,4,1,16,64,3040,147.977,32,6703.8,4.75,0.25,976
RND_0977,Random_50M_150M,Random_50M_150M,22,576,1,1,32,64,2624,131.186,64,4828.5,4.556,1.0,977
RND_0978,Random_50M_150M,Random_50M_150M,9,512,1,1,16,64,2112,55.684,64,3459.0,4.125,1.0,978
RND_0979,Random_50M_150M,Random_50M_150M,25,448,12,4,32,48,2048,105.709,64,3458.0,4.571,0.333,979
RND_0980,Random_50M_150M,Random_50M_150M,9,512,2,1,32,48,1728,50.744,32,3059.0,3.375,0.5,980
RND_0981,Random_50M_150M,Random_50M_150M,18,608,8,2,32,48,736,63.52,32,2018.8,1.211,0.25,981
RND_0982,Random_50M_150M,Random_50M_150M,24,608,4,2,16,16,2592,146.884,32,5331.9,4.263,0.5,982
RND_0983,Random_50M_150M,Random_50M_150M,24,384,12,3,64,16,1536,72.862,64,2320.1,4.0,0.25,983
RND_0984,Random_50M_150M,Random_50M_150M,23,448,4,2,48,32,2272,97.735,32,3598.0,5.071,0.5,984
RND_0985,Random_50M_150M,Random_50M_150M,24,416,6,3,64,16,992,57.848,32,1695.7,2.385,0.5,985
RND_0986,Random_50M_150M,Random_50M_150M,13,544,1,1,32,16,2816,87.792,16,5682.2,5.176,1.0,986
RND_0987,Random_50M_150M,Random_50M_150M,18,480,6,3,32,16,1920,77.657,32,3272.8,4.0,0.5,987
RND_0988,Random_50M_150M,Random_50M_150M,19,608,12,1,64,32,2016,114.886,32,4883.0,3.316,0.083,988
RND_0989,Random_50M_150M,Random_50M_150M,15,448,16,1,48,16,1216,54.368,64,2208.5,2.714,0.062,989
RND_0990,Random_50M_150M,Random_50M_150M,13,576,4,1,16,16,1888,72.589,32,3694.5,3.278,0.25,990
RND_0991,Random_50M_150M,Random_50M_150M,15,544,6,6,48,48,832,57.141,32,2188.8,1.529,1.0,991
RND_0992,Random_50M_150M,Random_50M_150M,28,576,1,1,64,32,1856,121.91,32,3654.0,3.222,1.0,992
RND_0993,Random_50M_150M,Random_50M_150M,12,448,2,2,48,16,2240,60.04,32,3440.5,5.0,1.0,993
RND_0994,Random_50M_150M,Random_50M_150M,23,416,1,1,32,48,1152,55.543,16,1842.8,2.769,1.0,994
RND_0995,Random_50M_150M,Random_50M_150M,16,640,6,6,48,48,800,68.579,32,2507.5,1.25,1.0,995
RND_0996,Random_50M_150M,Random_50M_150M,24,640,12,1,16,48,1056,93.667,32,2822.5,1.65,0.083,996
RND_0997,Random_50M_150M,Random_50M_150M,26,608,4,4,32,48,960,86.264,32,2360.8,1.579,1.0,997
RND_0998,Random_50M_150M,Random_50M_150M,28,352,2,2,32,48,1280,58.731,32,1614.2,3.636,1.0,998
RND_0999,Random_50M_150M,Random_50M_150M,8,544,2,2,64,48,2240,58.553,32,4292.5,4.118,1.0,999
RND_1000,Random_50M_150M,Random_50M_150M,26,576,16,16,48,16,1056,107.123,32,3309.8,1.833,1.0,1000
